Date,SP,IP,Emply,Exptn,PI,LEI,Oil,Manu,TERM
1959-01-01,,,,,,0.012249713505232256,,,
1959-02-01,-0.23281725215785853,1.7676056872004757,0.44865678877151316,,0.19835507832985813,0.29710341125523315,-0.04467250410118409,,
1959-03-01,0.07757833898258971,1.2533105945062628,0.8228740258451117,,0.8041666378622409,0.5403258771811703,-0.16641776186653567,,
1959-04-01,-0.15392661553278955,1.9375841102476508,0.7550582932790836,,0.7557301453361454,0.7256649188594275,-0.04467250410118409,,
1959-05-01,0.6559707458179395,1.3187422406370506,0.49888062981909287,,0.6885155221372978,0.8383094249679931,-0.04467250410118409,,
1959-06-01,0.24919713325786272,-0.07746218825722687,0.18186256911944834,,0.09876048811052855,0.8754572933648382,-0.04467250410118409,,
1959-07-01,-0.004820059405536488,-2.643693373996423,0.1552527783070498,,-0.5184973562030625,0.852880356106408,-0.04467250410118409,,
1959-08-01,0.5295793646131294,-3.6778299391736113,-1.741976231693053,,-1.3350828506840433,0.7994802952859353,-0.04467250410118409,,
1959-09-01,-0.8434242850563914,-0.3157851567085219,0.0579794600364298,,-0.39384437587268867,0.7464004747102624,-0.04467250410118409,,
1959-10-01,-0.9020714286672703,-0.9299377523913627,-0.464204474903695,,-0.20252548445503474,0.7186196334738227,-0.04467250410118409,,
1959-11-01,0.05110564372182466,0.421333693961862,0.6492358353532438,,0.6970051895315699,0.7299881621642406,-0.04467250410118409,,
1959-12-01,0.3722601313880973,5.87149946259547,1.485328899826914,,1.4686722430653396,0.7760226973542974,-0.04467250410118409,,
1960-01-01,0.3305694730740554,2.427108370895205,0.07876289596409067,,0.3684683408022462,0.8238986139519724,-0.04467250410118409,,
1960-02-01,-1.701992742371377,-1.0967924499801205,0.5175289792169115,,-0.24567087500718884,0.8324650405003843,-0.04467250410118409,,
1960-03-01,-0.11697071923217203,-1.1049421268717101,-0.4249456699077497,,-0.2458049924384698,0.7710589735598963,-0.04467250410118409,,
1960-04-01,-0.3762280275158615,-0.9978739391689823,0.8921861670593115,,0.1969768251034211,0.6416819146605094,-0.04467250410118409,,
1960-05-01,-0.6818376801600895,-0.3084912344912339,-1.3030268463293189,,0.0031173255392223935,0.4597854556138574,-0.04467250410118409,,
1960-06-01,0.5964977879726604,-1.47222175026719,-0.6402526593757247,,-0.4322179442577005,0.23954022725235294,-0.04467250410118409,,
1960-07-01,0.33777584218693624,-0.5448757218908747,-0.37163379143805814,,-0.0807233901308406,-0.01661193855741061,-0.04467250410118409,,
1960-08-01,-0.7609180922539758,-0.31050220148398355,-0.34636861406526775,,-0.8093389152589822,-0.30908735413365807,-0.04467250410118409,,
1960-09-01,0.4980613580801777,-1.2570206122668672,-0.38134013355617263,,-0.3490480612775062,-0.6299280493931094,-0.04467250410118409,,
1960-10-01,-1.6873416420961345,-0.31188242525692217,-0.508547422903571,,0.11724402346222114,-0.9493276635509564,-0.04467250410118409,,
1960-11-01,0.11052715404044963,-1.6305457662495793,-0.8148487745977213,,-1.3342016300406054,-1.2293777576289504,-0.04467250410118409,,
1960-12-01,0.43372026862561625,-2.14249473468159,-0.9384198307720817,,-1.3525452444291237,-1.4373818026329632,-0.04467250410118409,,
1961-01-01,0.7853207326771116,-0.07032467731370831,-0.427620573052927,,1.0261152048959623,-1.5618832038052517,-0.04467250410118409,,
1961-02-01,1.5259957733893024,-0.3159253952490955,-0.6429722948584787,,-0.3810501846585544,-1.60217743260727,-0.04467250410118409,,
1961-03-01,0.42262192185695585,0.4202987274725679,0.08882972425796536,,0.4101786414670979,-1.5643410476841015,-0.04467250410118409,,
1961-04-01,0.6341589778277203,1.8638632623020361,-0.34125055675982185,,0.1717040771352238,-1.4637695988045223,-0.04467250410118409,,
1961-05-01,-0.2883095069943333,1.352516852594189,0.2708669681847746,,0.5801492090226078,-1.3171235847042737,-0.04467250410118409,,
1961-06-01,0.3466457061528562,1.2126495035882596,0.37141287703151216,,0.9125388611012467,-1.1392061106992672,-0.04467250410118409,,
1961-07-01,-0.607484630314836,0.9638186613820915,0.226239688260163,,-0.006451862674858875,-0.943371194997666,-0.04467250410118409,,
1961-08-01,0.6100330127969676,0.7228222658948524,0.31692059024070957,,0.3036439770027617,-0.740474981898226,-0.04467250410118409,,
1961-09-01,0.14005322308897913,-0.30705974367328626,0.04640154974146711,,-0.07722100805802681,-0.5393881261819028,-0.04467250410118409,,
1961-10-01,-0.6201714240410945,1.7285964040633552,0.18486099453180896,,1.3459170856111653,-0.3484528862257562,-0.04467250410118409,,
1961-11-01,0.5261917944046884,1.362446677218466,0.45437995593762115,,1.1027715352422645,-0.17581137025382818,-0.04467250410118409,,
1961-12-01,0.6659820691205292,0.6850283314549829,0.1695819936330993,,0.5036430420404476,-0.029445566367789118,-0.04467250410118409,,
1962-01-01,-0.20846328579241385,-1.0716878653872495,-0.17902010298706175,,-0.6177549468793708,0.08382340821813072,-0.04467250410118409,,-0.07270374201761792
1962-02-01,-0.6936829332014959,1.4473125858928457,0.6899961298278376,,0.3975452477638491,0.15843938525663204,-0.04467250410118409,,-0.11626028425160603
1962-03-01,0.17176909742381158,0.3480928581441885,0.03246974774252608,,0.6873530608670707,0.19254497132788567,-0.04467250410118409,,-0.08141505046441508
1962-04-01,-0.4102806339195939,0.022633500321577908,0.7764354771352643,,0.6267149355808488,0.19246491126668291,-0.04467250410118409,,-0.01172458289003356
1962-05-01,-1.3842809701058072,-0.30114689889466245,-0.15814636100576496,,-0.16197435798453572,0.1662852712542418,-0.04467250410118409,,-0.11626028425160603
1962-06-01,-2.4574693834215484,-0.4087133084143304,-0.18910716176276485,,-0.19196914250891442,0.11904983514617762,-0.04467250410118409,,-0.011724582890033173
1962-07-01,-1.5391910042230286,0.7742171931683045,0.07656044379359533,,0.38164779029306234,0.050438362697679255,-0.04467250410118409,,-0.11626028425160603
1962-08-01,0.6258100940496975,-0.08629985205945616,0.04516854013920831,,-0.21086772991505956,-0.041766809786483554,-0.04467250410118409,,-0.16852813493239208
1962-09-01,0.1820396775623159,0.4462554693507732,0.1923237103296748,,-0.19928746419196408,-0.15596448108232366,-0.04467250410118409,,-0.09883766735801056
1962-10-01,-1.3726621137422026,-0.08708495022065033,-0.04503354105469702,,0.14733788971758044,-0.28023370807713777,-0.04467250410118409,,0.005698034003562305
1962-11-01,0.5266410737084164,0.23031899882997905,-0.1925416631470797,,0.3853648876079668,-0.3987946527083809,-0.04467250410118409,,0.023120650897157397
1962-12-01,1.720817032318961,-0.1931250362814019,-0.32457365490485307,,0.4630897700822194,-0.4977649003639616,-0.04467250410118409,,-0.020435891336830717
1963-01-01,0.13862323099013063,0.5437587155649833,0.028408946814862206,,-0.783863047023476,-0.5714681927047878,-0.04467250410118409,,-0.12497159269840397
1963-02-01,1.1502708392317895,0.954422533153996,0.11370698640042673,,0.03686890522766886,-0.6177749321029317,-0.04467250410118409,,-0.0639924335708196
1963-03-01,-0.9149813365121091,0.42691105218091857,0.036617183205341186,,0.33693245889081447,-0.635548265689355,-0.04467250410118409,,0.005698034003562305
1963-04-01,0.8261107433642347,0.730047051582653,0.5540005112117166,,0.06845192400660237,-0.6242437850479061,-0.04467250410118409,,-0.0639924335708196
1963-05-01,0.9088798094442422,1.025303184676026,-0.12913890698318622,,0.29715919383622036,-0.5850543850904473,-0.04467250410118409,,-0.08141505046441508
1963-06-01,0.09737491652164385,0.10920151192797078,-0.10794679003974715,,0.4486755908805486,-0.5243848707130065,-0.04467250410118409,,-0.1946620602727855
1963-07-01,-0.739097620325421,-0.5963032925934099,0.17093807761514515,,-0.2966894824338204,-0.45952020912866814,-0.04467250410118409,,-0.11626028425160642
1963-08-01,-0.06760914244243767,0.008477882555004855,0.11252311939149987,,0.18787614171782102,-0.4084098660585173,-0.04467250410118409,,-0.36017692076194235
1963-09-01,1.0248390490438197,0.8100154201879965,0.268654506552572,,0.7464666378853935,-0.3800125623508346,-0.04467250410118409,,-0.4211560798895263
1963-10-01,-0.27678428313106307,0.5031611769493507,0.378351753225839,,0.5025942903190168,-0.363976532092459,-0.04467250410118409,,-0.38631084610233535
1963-11-01,0.36828984667684705,0.3011457667530844,-0.32273156296175515,,-0.006347379746752604,-0.3433450543211833,-0.04467250410118409,,-0.4037334629959308
1963-12-01,-0.19033515066826154,-0.3903966824703522,0.07970121692365768,,0.7687380944793241,-0.306485402144659,-0.04467250410118409,,-0.5256917812510996
1964-01-01,0.40721672107719337,0.6923096157396043,0.13899301575899228,,-0.4105537913344705,-0.2595221702446706,-0.04467250410118409,,-0.5431143981446951
1964-02-01,0.3261412907156513,0.4903857576462338,0.5558257769906965,,1.0700880771855181,-0.2163057492088535,-0.04467250410118409,,-0.44729000522991974
1964-03-01,0.1586398990585436,-0.1931250362814019,0.1899417933707511,,0.4376273597805303,-0.18939756263948768,-0.04467250410118409,,-0.5779596319318859
1964-04-01,0.23315914186456851,1.4478933944729186,-0.16430555667972535,,0.6027413477938279,-0.18103128624408266,-0.04467250410118409,,-0.5605370150382901
1964-05-01,0.13019082665639328,0.3794865752121638,0.25684236141036637,,0.6346841491365537,-0.18910134041305565,-0.04467250410118409,,-0.48213523901711103
1964-06-01,-0.15463049656484962,0.09214551387224412,0.14608967263450578,,0.23963755705659373,-0.21184640380000258,-0.04467250410118409,,-0.4995578559107058
1964-07-01,0.4728355698851362,0.46927596165757895,0.3309328382301527,,0.49000333658222295,-0.2515561941552567,-0.25034045270903327,,-0.4821352390171103
1964-08-01,0.06518205612901568,0.4649644595401598,0.3701580853152685,,0.5974795046173695,-0.3093355403233775,-0.04467250410118409,,-0.36888822920873987
1964-09-01,-0.3652030010058701,0.18096230379460965,0.5931141290140756,,0.2938645884574205,-0.3788356794511948,-0.04467250410118409,,-0.4734239305703131
1964-10-01,0.38683834590026434,-1.6032349430711033,-0.5602602661990365,,-0.2874812692420974,-0.4388406953206798,-0.04467250410118409,,-0.5082691643575041
1964-11-01,0.16069370570269045,2.88362855791748,1.0008861341524062,,0.8085537634046277,-0.4652044734738827,-0.04467250410118409,,-0.5518257065914922
1964-12-01,-0.5806570177355801,0.9938335556601758,0.35030324048568495,,1.1713330764740049,-0.44319596264997174,-0.04467250410118409,,-0.7347631839742449
1965-01-01,0.04847863448605626,0.8900663832354097,0.2270332660856594,,-0.10138159637875195,-0.3823903461684817,-0.04467250410118409,,-0.5953822488254811
1965-02-01,0.7571712903153205,0.4335015225727908,0.3898820715459795,,0.4959886172967201,-0.3007450957566093,-0.04467250410118409,,-0.5953822488254811
1965-03-01,-0.22405119246245236,1.136616249212236,0.3445815150963888,,0.41373176494240677,-0.21175833773268862,-0.04467250410118409,,-0.6912066417402564
1965-04-01,-0.3832691055842929,0.24615534154367502,0.49403313952359135,,0.20408654608632512,-0.11335651651162712,-0.04467250410118409,,-0.6563614079530654
1965-05-01,0.6230849346274153,0.5931896467016646,0.42266571342267584,,0.6524159130379821,0.004764097783023569,-0.04467250410118409,,-0.6476500995062678
1965-06-01,-0.5289534794453632,0.5868009173560356,0.32658941894028737,,0.09110991483925049,0.1530753611562285,-0.04467250410118409,,-0.6389387910594696
1965-07-01,-1.0007419358633844,0.7521956894720889,0.5393965791855738,,0.7085292557642356,0.3324899583056742,-0.04467250410118409,,-0.604093557272279
1965-08-01,0.11636562337569958,0.23386295462294282,0.5021717723061047,,0.47467824082101195,0.5387246759571718,-0.04467250410118409,,-0.630227482612672
1965-09-01,0.3277310964457768,0.06214177202334749,0.49619811811682024,,0.6653496222011157,0.763853568051886,-0.04467250410118409,,-0.6737840248466606
1965-10-01,0.5699075783864183,0.8212334194902213,0.4010880927855006,,1.427317210350082,0.9961878656546105,-0.04467250410118409,,-0.8131649599954244
1965-11-01,0.4494771558276866,0.22646133108932023,0.5320059792510343,,0.7550534155076902,1.2205962171985225,-0.04467250410118409,,-0.7347631839742449
1965-12-01,-0.3197356445805444,1.0555938484491623,0.6639234162289709,,0.48333599375876785,1.4182645083015968,-0.04467250410118409,,-0.7173405670806497
1966-01-01,0.03238323948734815,0.7951069135864426,0.3320289166530152,,-0.047211432452823575,1.567416402317408,-0.04467250410118409,,-1.074504213399357
1966-02-01,-0.14243421698722375,0.4601689954429503,0.4946440765693302,,0.43800093719805716,1.6481970040683178,-0.04467250410118409,,-0.9699685120377833
1966-03-01,-0.6661864101506427,1.1814891887128394,0.8431851156750724,,0.5061917727531218,1.6517997068223287,-0.04467250410118409,,-0.8044536515486268
1966-04-01,-0.16804122627724022,-0.03280270351327557,0.4272985288217539,,-0.4565893949507569,1.5937561624522432,-0.04467250410118409,,-0.9699685120377833
1966-05-01,0.1060840920172909,0.7643916157564211,0.5057800814586534,,0.16518519256554418,1.4989650499913152,-0.04467250410118409,,-0.9089893529101998
1966-06-01,-1.381872858424336,0.28240088769962934,0.8357329081176256,,0.5511858980065697,1.3906437871875625,-0.04467250410118409,,-1.0222363627185702
1966-07-01,-0.2683728501760856,0.35874588083717474,0.27064144939329243,,0.3363643138194879,1.2826427646286098,-0.04467250410118409,,-0.8567215022294129
1966-08-01,-1.0391495457868918,-0.11461501650264419,0.31182725075493756,,0.05791806448166172,1.1813667872104736,-0.04467250410118409,,-0.9612572035909865
1966-09-01,-1.4595593551128676,0.7454267867242937,0.12382782084249638,,0.047201850858788585,1.0880167558511384,0.1609954445066651,,-1.266152999228907
1966-10-01,-0.9793236070670024,0.5048281273115658,0.3221873973850432,,0.31973932844963415,1.0002709287758151,-0.04467250410118409,,-1.3358434668032888
1966-11-01,1.60463395374396,-0.8913672501244267,0.19866158510729642,,0.2602899613558618,0.9133257023124969,-0.04467250410118409,,-1.2748643076757045
1966-12-01,-0.34561234138081864,0.040158564076724745,0.23714852173074163,,-0.6006256201643709,0.8208563316263581,-0.04467250410118409,,-1.1180607556333455
1967-01-01,-0.0516847169103865,0.2827413202252602,0.3095201406212997,,1.020194149989821,0.7158175313318168,-0.04467250410118409,,-1.0745042133993563
1967-02-01,1.5271625926290064,-1.3463635155483396,-0.18072401071950495,,-0.42181915457771363,0.5932455776344491,0.0770727536641675,0.8037164695932913,-0.9089893529101998
1967-03-01,0.1919138149273152,-0.7646414245414194,0.02683903730147055,,0.23443369822812282,0.4540211312074514,-0.04467250410118409,0.8341247912978086,-0.8131649599954244
1967-04-01,0.26707253601431175,0.7559763550451838,-0.4067446968013608,,-0.34275752763568074,0.3100731411696495,-0.04467250410118409,0.445601377114868,-0.4821352390171107
1967-05-01,1.0227960060451233,-1.0791808310765458,0.1657346532768675,,-0.14328557801801967,0.17725349963865722,-0.04467250410118409,0.10137833461226527,-0.2556412194003699
1967-06-01,-1.0446407114787668,-0.20567264636453392,0.10198418842921513,,0.24473408354023646,0.06925247707970444,-0.04467250410118409,-0.8756752080630442,-0.2469299109535723
1967-07-01,0.034764810634232556,-0.42363594742180466,0.12220692287491064,,0.3526236339313041,-0.009190370884159587,-0.04467250410118409,0.2937204231232541,-0.630227482612672
1967-08-01,0.9611511888027499,1.7257062667049228,0.42612103004256807,,0.3080386205268251,-0.056353752937143564,0.23472986009283817,2.2662990096301345,-0.7260518755274473
1967-09-01,-0.5475785019061831,-0.3574169915806534,-0.18396872654674215,,-0.16512231686391834,-0.06908330266796302,-0.04467250410118409,-0.9036721998504559,-0.7521858008678407
1967-10-01,0.5000273431064581,0.6268185854397286,-0.08001532503729149,,-0.3389986433589997,-0.04079007703983934,-0.04467250410118409,-0.39240381050814577,-0.7521858008678407
1967-11-01,-1.0136914371782464,1.242836264543752,0.9990181103122466,,0.6311223454564423,0.03522695106966495,-0.04467250410118409,1.5237087370202869,-0.630227482612672
1967-12-01,0.30120349210190195,0.8898107464740794,0.26888800387335704,,0.0460563648605237,0.16004058648064193,-0.04467250410118409,1.02846822515925,-0.7347631839742449
1968-01-01,0.2500520452188973,-0.3019282858174573,-0.48571068706268294,,0.414837977409031,0.31944016833005506,-0.04467250410118409,1.302568973446285,-0.8741441191230088
1968-02-01,-1.0007690571407621,0.16845072823929955,0.8168809980949634,,0.9391770771193798,0.49228984046110114,-0.04467250410118409,-0.17027739226581934,-0.6215161741658745
1968-03-01,-1.0087799197188765,0.12209279626775969,-0.033900792521223605,,0.4043431551509397,0.6568132662273323,-0.04467250410118409,-0.40004043770094855,-0.6912066417402564
1968-04-01,0.7140320246813484,-0.046929758293926066,0.42753382012217145,,0.10360628052067614,0.7952371120423251,-0.04467250410118409,1.2615640587191808,-0.7173405670806497
1968-05-01,1.1853695120108692,0.9347573490467936,0.005770167038511972,,0.605356601400186,0.8943514678080662,-0.04467250410118409,1.4461361332771012,-1.0396589796121654
1968-06-01,0.3306878890266555,0.17760812809145687,0.4037530372155029,,0.39763522533726636,0.9478315886897416,-0.04467250410118409,-0.016690445169159303,-1.0048137458249744
1968-07-01,-0.2732072024109059,-0.34834040343433903,0.32055200614365914,,0.5988693050503149,0.9616819792773658,-0.04467250410118409,0.45181412396475473,-1.0483702880589636
1968-08-01,-0.6319765437293453,0.08853714734825197,0.2759330262168261,,0.21975514663338247,0.9478315886897416,-0.04467250410118409,2.241269735774758,-0.7347631839742449
1968-09-01,0.3385940492958793,0.18905968145929533,0.1488065088161463,,0.4552963979543361,0.9215718886161092,-0.04467250410118409,-1.3604042283380111,-0.8131649599954244
1968-10-01,0.6658853786623798,0.007559811016499202,0.3559026170144006,,-0.1563550626361134,0.9005961525816775,-0.04467250410118409,2.0365607583780023,-0.7696084177614358
1968-11-01,-0.09289913190542558,1.1062408152003866,0.4187266020722111,,0.35522227708169984,0.8990750114188704,-0.04467250410118409,0.18242606701677008,-0.8480101937826153
1968-12-01,0.9619843317868265,0.12566718351215397,0.41871040176680835,,0.266272875934909,0.9214117684937037,-0.04467250410118409,-0.29271250942921856,-0.7783197262082342
1969-01-01,-1.044072884662841,0.4166177880557437,0.23539481235543314,,-0.3510715989929442,0.9547167539529523,-0.04467250410118409,0.6632267889249146,-1.1354833725269406
1969-02-01,-0.3681504542653522,0.45183893100040456,0.40453596867011504,,0.2804851071407102,0.9796154329861833,-0.04467250410118409,0.8909302141711171,-0.9786798204845817
1969-03-01,-1.1656183039879908,0.5966535865885503,0.2692613010101087,,0.41339342312664684,0.9795353729249804,0.6455265679151315,0.6448700720017557,-1.004813745824975
1969-04-01,0.5606192329957311,-0.5656633824685119,0.17201639178843062,,0.016740622171612225,0.9515143515049439,0.3224328981220106,0.5069124351809764,-0.7957423431018292
1969-05-01,0.3304365861867538,-0.5762295497963846,0.38894967691231846,,0.26011308594351135,0.8973937501336691,-0.04467250410118409,0.6382465875719903,-0.8654328106762111
1969-06-01,-0.26412053739640157,0.7900117993771416,0.5133993924438734,,0.24073216278889392,0.8179741694231608,-0.04467250410118409,0.03899152070085943,-0.8828554275698072
1969-07-01,-1.2468175059082836,0.3392467569683936,-0.012176778131056562,,0.49712131187075487,0.7086121258238064,-0.04467250410118409,1.1133109579117768,-1.605894028654018
1969-08-01,-1.2417738555554096,0.03886066281895348,0.43887939042021634,,0.6250089706230424,0.5631429946231974,-0.04467250410118409,1.595629059597064,-1.605894028654018
1969-09-01,0.3649945666740044,-0.21583509096797807,-0.46655136805593106,,0.04500619978658092,0.37940515416895004,-0.04467250410118409,0.12365016552780235,-1.5274922526328387
1969-10-01,-0.8742387761270329,-0.16344814642561487,0.2629921937771964,,-0.15421608354440577,0.1682867727842542,-0.04467250410118409,1.047633505994465,-1.248730382335311
1969-11-01,0.9826508169228418,-1.1507795049316012,-0.32330279383163585,,-0.22053934619390805,-0.05440028744386651,-0.04467250410118409,-0.11217795652842137,-1.388111317484075
1969-12-01,-1.084668140257692,-0.4649076263436508,0.13621872567931104,,-0.10541011798575425,-0.27306833259972874,-0.04467250410118409,0.46181877170953173,-1.3619773921436813
1970-01-01,-0.191655381144984,-2.082803483948332,-0.39567678364444264,,-0.11824720287734665,-0.47682919436013127,-0.04467250410118409,-1.1870370249895454,-1.1703286063141307
1970-02-01,-1.9992070014410441,-0.25967343977051627,0.07300940253551576,,-0.1064022222719256,-0.6583493711191484,-0.04467250410118409,-0.003331297369048233,-1.1441946809737373
1970-03-01,0.8981190954933406,-0.3244869851203972,0.11339431814459484,,0.22449453963080296,-0.813801991951406,-0.04467250410118409,-0.3886870803888472,-0.9699685120377833
1970-04-01,-0.04559124577929438,-0.45342155412634666,-0.4868428724013222,,-1.3612859709859408,-0.9441717956096709,-0.04467250410118409,1.031776688438762,-0.6128048657190769
1970-05-01,-2.4478155000808144,-0.31107961414087193,-0.7797123336863898,,-0.04884445795093511,-1.0537740193926222,-0.04467250410118409,-1.2205017961479383,-0.7260518755274473
1970-06-01,-1.174522718508861,-0.5206950273951158,-0.4686020566469436,,0.1345640150747247,-1.150542615365195,-0.04467250410118409,0.30224874175484545,-0.5518257065914925
1970-07-01,-1.5974380508525174,0.054660703503567026,-0.18045999783527256,,0.46678852226909706,-1.247703505637659,-0.19018237604943472,1.1738324684619235,-0.5518257065914925
1970-08-01,1.079600751019616,-0.37354091672952955,-0.5197679597593038,,-0.0727785374126288,-1.3538551407828825,-0.04467250410118409,1.1028281672791513,-0.4734239305703131
1970-09-01,1.0041030149228802,-0.892355052211651,-0.22161554255052515,,-0.8451417675868518,-1.4631211123088004,-0.04467250410118409,-1.295432184189161,-0.2556412194003699
1970-10-01,0.7981366909109793,-2.2361847166850235,-1.2677124036247858,,-1.3288526120626623,-1.5447743687267954,-0.04467250410118409,-0.871761038861022,-0.18595075182598794
1970-11-01,-0.3588732997740403,-0.807301940409113,-0.5121142676848668,,-0.45937267755886313,-1.5645091738126182,-0.04467250410118409,-0.21109026389055438,0.1189450438119331
1970-12-01,0.9252627309650195,2.1025072626351378,0.694946377576425,,0.023449447394115964,-1.5074183441708209,0.8373436906823858,-1.2911861392830082,0.42384083944985335
1971-01-01,0.8078446137089064,0.5815477077913755,-0.06123541413403136,,1.1798046154255606,-1.3947898500745004,-0.04467250410118409,0.900827678048825,0.5370878492582237
1971-02-01,1.1518393084119884,-0.38596788866066717,-0.37949744686928044,,-0.2239679894889319,-1.2677345329499254,-0.04467250410118409,-0.05040738123840497,0.8245610280025489
1971-03-01,0.0001116852439958675,-0.3026381116347975,-0.10983641093243676,,0.05426713419483664,-1.1643529759222178,-0.04467250410118409,1.0780252856474377,1.303682992576424
1971-04-01,0.6505108142667189,0.37311973376007485,0.18829282654276203,,0.05706320448890764,-1.0979351491506046,-0.04467250410118409,0.37090722111367364,0.6067783168326056
1971-05-01,0.5157791400877868,0.31844421054188987,0.27179356460666065,,0.2721867228217699,-1.0674082478150058,-0.04467250410118409,0.42357216102633993,0.3802842972158649
1971-06-01,-0.8341473794525275,0.23001770650460138,-0.22168942129079042,,-0.32178686101466936,-1.0653667162544034,-0.04467250410118409,-0.2012229446845752,0.2496146705138986
1971-07-01,-0.23380744403791362,-0.48684543822881504,-0.09133861418097455,,-0.18585637367645236,-1.0836043981957868,-0.04467250410118409,0.42660520563522636,-0.36017692076194197
1971-08-01,-1.0328835534896779,-0.7817969358862392,-0.09869754526780801,,0.2245552731786525,-1.112113785989151,-0.04467250410118409,1.2605596805373724,-0.18595075182598794
1971-09-01,0.5941654345434096,1.436882749497547,0.34149070358258315,,0.321375115618225,-1.1366441887408583,-0.04467250410118409,-0.1322068798320079,-0.046569816677224124
1971-10-01,-0.1698948267455173,0.5610549237393689,-0.17132652325945197,,0.2708837327347131,-1.135563377914655,-0.04467250410118409,-0.3145072282501435,-0.14239420959199944
1971-11-01,-1.6047252708025188,0.23483804330025612,0.2531123444242776,,0.28392321689126326,-1.086430518356149,-0.04467250410118409,-1.2391169128588853,0.24090336206710106
1971-12-01,0.5300101237657363,0.9673612631157689,0.3877928285425916,,0.5980279655414447,-0.9742663726147887,-0.04467250410118409,0.34755592019254755,0.25832597896069615
1972-01-01,1.2890130298880507,2.195741897647989,0.5518873633611844,,0.5298757570401263,-0.8034502260382338,-0.04467250410118409,0.40692081969815774,0.4586860732370443
1972-02-01,0.38449889132117365,0.8221245256688953,0.25243417762769005,,0.5246880738241485,-0.5884409256792061,-0.04467250410118409,-0.916586058981608,0.6329122421729984
1972-03-01,0.587564778366051,0.5036820241551837,0.46112803276700154,,0.6693775408965441,-0.34897327662355143,-0.04467250410118409,-0.040520270699371704,0.7287366350877736
1972-04-01,-0.10969554082957234,0.8134987446110437,0.27492805286353356,,0.13518587572751403,-0.10848085878453999,-0.04467250410118409,0.7350032730842224,0.08409981002474137
1972-05-01,-0.3066806713258967,-0.17914977859323125,0.48198897789643846,,0.28982205834263064,0.11320545067856884,-0.04467250410118409,1.0682377512198684,0.5632217745986164
1972-06-01,0.49863980446983736,0.07423915809792207,0.4369935668014878,,0.10088784930105375,0.30735109908884634,-0.04467250410118409,-0.22300340148397574,0.3715729887690673
1972-07-01,-0.6021955258401274,-0.30615438379129056,-0.3529555947277071,,0.6666769658708104,0.48444395446349137,-0.04467250410118409,-0.38706892166246654,0.07538850157794383
1972-08-01,0.05591916901660602,1.205911836552804,0.7670279771643101,,1.2327550928611672,0.6640987317965454,-0.04467250410118409,1.8201915914947313,0.33672775498187557
1972-09-01,0.5113800030635638,0.6105156014526576,0.04665606726753926,,0.38552985852576355,0.8654497857148219,-0.04467250410118409,1.032977134387119,0.08409981002474137
1972-10-01,-0.4168548621674817,1.0830600162667159,0.7088433225930503,,2.358136315613918,1.0972236628891499,-0.04467250410118409,0.6169888385260168,0.04925457623755119
1972-11-01,0.37932776646339605,0.9951841335245625,0.44906713995467795,,0.8125332528005935,1.358859942891121,-0.04467250410118409,0.8549273949342493,0.040543267790752874
1972-12-01,0.8019430322323643,0.9270694261889899,0.43718519849148607,,0.5728335106866655,1.6387499168467095,-0.04467250410118409,-0.27830207152639685,0.014409342450360237
1973-01-01,0.19622520041512975,0.5352072219454089,0.5574755739911136,,-1.269766523422795,1.9107139447434853,-0.04467250410118409,1.7892294328992082,-0.18595075182598794
1973-02-01,-0.9889374684998962,1.242103070590449,0.6625091526273152,,0.22919370585576754,2.1429681822850184,-0.04467250410118409,0.8192535231265892,-0.45600131367671803
1973-03-01,-0.8912651883290618,-0.14380878680802517,0.3715616000261843,,-0.32155187854047607,2.30717136780645,-0.04467250410118409,0.2969803927084257,-0.6128048657190762
1973-04-01,-0.3178701494286203,-0.3420520018590051,0.14672121701032712,,0.09689900710741023,2.3912344320665597,-0.04467250410118409,0.7317338733080188,-1.1093494471865473
1973-05-01,-0.7878128774475169,0.4935494893340132,0.1952602780406086,,0.20675239009433058,2.3941165942697684,-0.04467250410118409,0.4585775116233054,-0.9002780444634022
1973-06-01,-0.8266466598892587,-0.056887187915955297,0.29715486239015193,,0.2295898379404396,2.3258253620660696,-0.04467250410118409,1.0716398867947479,-1.0309476711653678
1973-07-01,-0.3659211627557607,0.16592300225970882,-0.18041381926493438,,0.24859655477169115,2.2139013965083176,-0.04467250410118409,0.9021774608216399,-1.6494505708880074
1973-08-01,0.7222966881923539,-0.33134548917493595,0.3309955029787384,,-1.0505904728875193,2.08676601932254,2.2711642221800052,-0.9366924736545273,-1.9891916003131185
1973-09-01,-0.641090614329896,0.6118073478770201,0.0020756573695389327,,0.6222802881056596,1.9613119034219635,-0.04467250410118409,0.26138924808315284,-1.893367207398344
1973-10-01,0.6605899189016741,0.6586114100198873,0.4969280733219846,,1.1133205745159176,1.8313744240941798,-0.04467250410118409,1.0887359772933969,-1.3619773921436813
1973-11-01,-0.24795183955967184,0.26519886429169376,0.454049668940962,,-0.017456470447841693,1.6811817492827668,-0.04467250410118409,1.744883570562867,-1.3445547752500864
1973-12-01,-3.2806075057384847,-0.4839847935864809,0.006370697396810105,,-0.7772758222776713,1.4991251701137094,-0.04467250410118409,1.5428612422446242,-1.353266083696884
1974-01-01,0.767836095987188,-0.8615495043854718,-0.08649492186128367,,-2.3424214980126297,1.2928904524622231,10.283185319796695,0.24768553227065004,-1.1877512232077265
1974-02-01,-0.6984627817288978,-0.513882185966721,0.10039170999979792,,-1.4558093315660594,1.0764881070383263,-0.04467250410118409,-0.011503015168461557,-0.7347631839742449
1974-03-01,-0.08697693442356726,-0.1891231800357104,-0.14626047778115103,,-1.5277570102645361,0.8590449808188165,-0.04467250410118409,1.3081741944487182,-0.9351232782505932
1974-04-01,-0.6915606071643278,-0.4883532222526559,-0.04968262347798319,,-1.204991982329735,0.6349568695197042,-0.04467250410118409,0.37090952817370487,-1.605894028654018
1974-05-01,-0.3922331988683598,0.6048527071036967,0.12765596826996392,,-0.2849749427766612,0.39245494414455784,-0.04467250410118409,1.2555765400196401,-1.9543463665259269
1974-06-01,-0.9269400066552175,-0.37158431300899625,-0.11814443305803486,,-0.4627866019370982,0.12225223759418603,-0.04467250410118409,0.9063465608254485,-1.9195011327387366
1974-07-01,-0.9444147396945587,0.024482282802593226,-0.16855380532971526,,-0.2668680701426864,-0.17227271554878634,-0.04467250410118409,-0.17947767171237092,-1.9804802918663202
1974-08-01,-2.162943820621413,-1.2724643251606105,-0.2758021457561465,,-0.6261043503637712,-0.48252146471146845,-0.04467250410118409,-1.286833998455643,-1.8585219736111531
1974-09-01,-2.669429872796872,-0.19334854239178598,-0.2582965607162809,,-0.5973427674132036,-0.8003519016697844,-0.04467250410118409,0.8343453160501326,-2.21568561992986
1974-10-01,-2.582455131029949,-0.46886051720541116,-0.1948195747045658,,-0.03788817941729649,-1.122377485834998,1.152278680229369,1.2406574942025683,-1.109349447186548
1974-11-01,3.3752227137015467,-3.578426048701578,-1.0392711871869258,,-1.6796600200931364,-1.444547178110372,-0.04467250410118409,0.8351232536247865,-0.9438345866973907
1974-12-01,-2.0027556238135142,-3.909464662114704,-1.591730913207227,,-0.9983474920922656,-1.7565332306010906,-0.04467250410118409,1.9110575920972106,-0.8305875768890202
1975-01-01,0.5656368913868208,-1.611189748064227,-1.0360203345180556,,-0.9011502370865047,-2.0361590063547257,-0.04467250410118409,-0.8493322685830124,-0.6737840248466606
1975-02-01,2.2165374624419445,-2.5391082727716165,-1.0755249666085447,,-1.1466689639004555,-2.2578773398423135,-0.04467250410118409,-2.197795606524678,0.42384083944985335
1975-03-01,1.349025444854439,-1.3291687838166557,-0.8437152095101497,,-0.40124218862936717,-2.403218374944996,-0.04467250410118409,-2.6411298215495185,0.42384083944985335
1975-04-01,-0.2454540707236798,0.042560030916083486,-0.6611983811385742,,-0.5826017475748708,-2.4644002737141206,-0.04467250410118409,-0.9863389993940925,0.5457991577050213
1975-05-01,1.3301056504439688,-0.5260168083890935,0.13011516256813477,,0.470431225753288,-2.444657462622175,-0.04467250410118409,-2.4675465319334817,0.39770691410946074
1975-06-01,1.0002964260701144,0.44119641437868423,-0.47007207065057194,,-0.05896675006957539,-2.3539814373069308,-0.04467250410118409,-2.123547232882251,0.7810044857685596
1975-07-01,0.4181903538919909,0.8611926661389567,0.32045970955156494,,-0.4637072679258103,-2.2109701499851604,-0.04467250410118409,-1.0024213232250414,0.12765635225872987
1975-08-01,-1.8595154829927591,0.7966975357306896,0.6177871776768379,,0.9831876121468162,-2.0341575048247136,-0.04467250410118409,-0.8458739734302059,-0.0901263589112134
1975-09-01,-0.8013080868960605,1.1038093302669643,-0.07139467085735732,,0.07229968045567299,-1.8372417782969204,-0.04467250410118409,-0.725929868725012,-0.22950729405997644
1975-10-01,-0.8321557532765081,0.2505891555705311,0.45522270767281586,,0.3101321591533048,-1.6269320035303518,-0.04467250410118409,0.23891859895943868,-0.18595075182598717
1975-11-01,1.2471477589889997,-0.05732278363284051,0.08290220922295466,,-0.035762921277765654,-1.4076715139216027,-0.04467250410118409,-1.5877287338583843,0.6154896252794032
1975-12-01,0.5247149185342727,1.1780691561833063,0.4952696152674546,,-0.32521124974302756,-1.187682477755929,-0.04467250410118409,-1.2456015553046331,0.4673973816838411
1976-01-01,-0.07934358656349316,1.131745753705114,0.8300645755532817,,0.49936712688325746,-0.985883087494926,-0.04467250410118409,0.21629625455908652,0.5632217745986164
1976-02-01,2.249790202547473,0.7935657078986105,0.446159814090936,,0.6766058427619185,-0.8242898599686276,0.8646623840049985,0.8654162743827541,1.0249211222788963
1976-03-01,-0.3315696969813171,0.025276905854493967,0.26720213302570806,,0.2614288075600418,-0.7191950176312397,0.025609382467470503,0.37628770603878664,0.4499747647902468
1976-04-01,0.3661035385268571,0.3072544006206882,0.2917649636856966,,0.48521644469650155,-0.6697259058156888,0.025203963479166955,0.7690818314422729,0.48481999857743696
1976-05-01,-0.4355369174990694,0.23574978626118573,-0.19519605227361778,,0.10736984439378273,-0.66637939525752,-0.04467250410118409,0.7150553635819435,0.6329122421729991
1976-06-01,-0.38195758054741813,-0.0893521161848482,-0.09978999174323182,,-0.27758463896207053,-0.6958975398220074,-0.04467250410118409,1.597908794048477,0.275748595854292
1976-07-01,0.7060241949993046,0.38110394152881777,0.13172777580928252,,0.1651607444571175,-0.7429328257770647,-0.04467250410118409,0.8012631154988935,0.4325521478966509
1976-08-01,-0.22620167256412727,0.49989414279504163,0.10070857302249175,,0.23669437454938555,-0.7923699135681368,-0.04467250410118409,-0.002316360374860715,0.7026027097473803
1976-09-01,0.0551263691046208,0.15579852646030143,0.16682674120959312,,-0.12834503757341953,-0.8305265387361163,1.5653993414099632,1.4905867718182009,0.7200253266409761
1976-10-01,-0.11322196621991468,-0.2239106299444929,-0.1976753892833001,,-0.25776843947318046,-0.8461142326517768,-0.04467250410118409,0.6132080558237684,0.737447943534572
1976-11-01,-0.37428988342791814,1.3363468335705653,0.4684356352600117,,0.9503471897019719,-0.8292776017813849,-0.04467250410118409,0.2476330973703118,0.8681175702365375
1976-12-01,-0.273576299171173,0.8941541603248191,0.20690858313030297,,0.1552344499505373,-0.7722428141824339,-0.04467250410118409,0.33158676746234417,0.9726532715981102
1977-01-01,0.8503487679373513,-0.9031238833343975,0.2782840239262522,,-1.0155810497823297,-0.6724719659148483,-0.04467250410118409,0.34821465964414716,0.9029628040237283
1977-02-01,-1.1140746496765026,1.3917862656458848,0.3957669790081461,,0.19686153282182367,-0.5311019098476891,-0.04467250410118409,0.01836515569969299,0.8158497195557514
1977-03-01,-0.5619177050517656,1.090849923065983,0.615581352024464,,0.36986793900527404,-0.3546895649932449,-0.04467250410118409,0.21480323287026945,0.8245610280025489
1977-04-01,-0.4702842786484102,0.7738138271909634,0.4724504296111245,,0.42438366637312774,-0.16003153219129468,-0.04467250410118409,0.6000214145726105,0.9465193462577168
1977-05-01,-0.2022870178838065,0.6009486628106435,0.517747134314856,,0.46108203461148756,0.030823647703660507,-0.04467250410118409,0.25846601215887766,0.7200253266409761
1977-06-01,-0.6059361972920594,0.5901278843187987,0.5979047260936199,,0.1251022571772514,0.19430629267428973,-0.04467250410118409,0.2486446547089206,0.5283765408114263
1977-07-01,0.600711675339443,-0.06390688721791157,0.48171172561640974,,0.2280753213449595,0.3092725405576446,-0.04467250410118409,0.5077221916165192,0.6067783168326056
1977-08-01,-0.36313407366803163,-0.0932730311861173,0.2613457788168813,,0.06095603141647653,0.3608312199705218,0.7561667823387295,1.0778853508092785,0.27574859585429123
1977-09-01,-0.6736251070619591,0.22287814603930647,0.705456213425753,,0.9129637459533891,0.34874215072930176,-0.04467250410118409,1.2674559393549636,0.014409342450359464
1977-10-01,-0.15878706243610227,-0.050518346646480985,0.31262807909523516,,1.4645237131479885,0.2983843722344319,-0.04467250410118409,-0.3060305490482463,-0.20337336871958303
1977-11-01,-1.4524791053754653,-0.007327398305059157,0.5256656231495628,,0.6258871795527661,0.2487471342903643,-0.04467250410118409,0.6852548134429635,-0.29919776163435835
1977-12-01,0.6862599857518564,-0.012248430086283558,0.24524970138469204,,0.4793730486820894,0.24170184890474808,-0.04467250410118409,0.7163118669626141,-0.22950729405997644
1978-01-01,-0.3491852069184097,-1.6923775517827977,0.13611210020271503,0.04803094071887805,-1.0180305127653477,0.31287524331165545,-0.04467250410118409,0.6197335848902747,-0.08141505046441508
1978-02-01,-1.1088124870804206,0.3470098352915562,0.4800228117589623,0.08971328781400216,0.4650201949879768,0.4837234139126892,-0.04467250410118409,0.5054543785569221,-0.20337336871958303
1978-03-01,-0.8472122780315448,1.726615470246271,0.7954818904190575,-0.3040015474284933,0.6224592238533596,0.7489623966686599,-0.04467250410118409,1.6911670541644084,-0.1946620602727847
1978-04-01,0.19424988679232374,1.8364810892716115,1.169196099431731,-0.1002475503368869,0.9086666573296364,1.0738461250187146,-0.04467250410118409,1.7189184892176386,-0.16852813493239208
1978-05-01,2.1344431314065533,0.27754827154391326,0.4530480565890985,-0.008012743655447022,-0.3296323129768184,1.4065757393663791,-0.04467250410118409,0.5371064222370016,-0.31662037852795344
1978-06-01,-0.21273383571430565,0.4608388389447305,0.6364173155928738,-0.21580585682346262,0.5567497690514239,1.7051197075815985,-0.04467250410118409,0.25314630071962,-0.38631084610233535
1978-07-01,-0.6762526100588391,-0.2765151052618803,0.26336803182042,-0.043315354542308906,-0.033616508212649165,1.9484222335687384,-0.04467250410118409,-0.0814563823662958,-0.5692483234850885
1978-08-01,1.1682984971780417,0.22094759776822306,0.31109168014809335,-0.33369883178778875,0.3527709646152115,2.134321695675404,-0.04467250410118409,0.6552582625896543,-0.5866709403786835
1978-09-01,0.5406159446176424,0.06277481131024451,0.032644941692286496,-0.18670103947135303,0.036687526443080876,2.266901157022788,-0.04467250410118409,0.023785452077946186,-0.908989352910199
1978-10-01,-0.29730622077331026,0.5622294740122674,0.4180778296824628,-0.26709121702036615,0.31910137338347305,2.347121338345301,-0.04467250410118409,0.8453619554521926,-1.0483702880589627
1978-11-01,-1.5407568781273422,0.584036529445919,0.6103773141575242,-0.5924206410265942,-0.18308020954807996,2.3737012786637446,-0.04467250410118409,1.0970532457303228,-1.919501132738736
1978-12-01,-0.27285646700151356,0.30986792450921674,0.3056622820015896,-1.3295577830592498,0.6559215931574203,2.347921938957306,-0.04467250410118409,1.1360264472786679,-1.8672332820579491
1979-01-01,-0.030496034299303292,-0.7423250231021233,0.027076020950287077,-0.8225383012601261,-0.0007442237201313939,2.2821125686508132,-0.04467250410118409,1.0377417325604557,-2.0240368341003094
1979-02-01,0.6159861931891236,0.2902191026320586,0.23935530714001255,-0.6786418759259949,0.5321261403224256,2.192925660473886,0.7447632059367539,0.5942516919747444,-1.8498106651643555
1979-03-01,-0.8506218854530558,0.13650316496144246,0.5787721634941805,-1.1299597578568708,0.09498804464858891,2.097013707156153,-0.04467250410118409,-0.2782564901157053,-1.8846558989515456
1979-04-01,0.7904065725210474,-1.415244733291038,-0.35787457888065577,-1.3383927639782478,-1.995720032491793,2.0095080602644266,-0.04467250410118409,0.9225552762272584,-1.7365636553559844
1979-05-01,0.03918408864890648,0.719634366415758,0.47583947096616286,-1.1556103652333596,-0.8687218003070355,1.941216828060728,1.56330981211263,0.2854192257144962,-1.571048794866828
1979-06-01,-0.7108012931452606,-0.17188707046776305,0.371698172945334,-1.356102955970271,-0.13436543631561634,1.8959028334214736,0.6067506307276719,0.3814743427572448,-1.5536261779732312
1979-07-01,0.5057150721102524,-0.3623732047228163,-0.030557930906068814,-1.855801424552714,-0.2065252632750408,1.866520790961024,1.5291857510779732,1.596180938026222,-1.344554775250087
1979-08-01,0.34767459340168594,-0.861374319684494,-0.08035015548521514,-1.4725481845320119,-0.11015252969418851,1.8401810308261888,2.348129077284191,-0.7675419394820292,-1.388111317484075
1979-09-01,0.5715285305375979,-0.2102170868785407,-0.18714969149951324,-1.2768269683953901,-0.2724126296442693,1.8025528020621384,0.836701658023814,-1.765271329012569,-1.9891916003131178
1979-10-01,0.10042391796383499,0.5384561918740377,0.054544146496371904,-1.6938260229933109,-0.4311983884367916,1.7417872156112497,0.16600326139649368,0.4146755407219587,-2.015325525653512
1979-11-01,-1.4393776375434697,-0.3498800156077791,-0.0637112252920172,-1.5821383308028236,0.12213039950419116,1.645875262293517,0.7631968743373111,-0.6297830404075849,-2.625117116929354
1979-12-01,0.5802489492815256,-0.12535676183603506,-0.050603103404230035,-1.7981188746639687,0.00600300066777866,1.5009665515213162,0.5277277350691167,-0.3091802356731611,-2.233108236823455
1980-01-01,-0.15263411193966692,0.3522467874738601,0.004161455835815534,-1.2506391737395246,-0.5827976670546573,1.2933708128294283,-0.04467250410118409,0.7915958191832931,-2.015325525653512
1980-02-01,1.8077722081682541,-0.16574909062196386,-0.08136574039172567,-1.2593553871334395,-1.030455639133283,1.0155624004650323,1.5261864458160506,-0.3847808619703781,-1.963057674972725
1980-03-01,-0.6655386065620811,-0.6055191765390521,-0.02854853137768918,-2.245312354959809,-0.9548705151917032,0.6767482214661621,0.27837467188315307,-0.13002949791351986,-3.2523313250987895
1980-04-01,-2.3445166677308413,-2.221628150504281,-0.5130333281082421,-2.651610371395924,-0.7220005466605988,0.3187196277792642,0.42429772071531996,1.187343731896175,-3.55722712073671
1980-05-01,0.5872962681885622,-2.7115361916598837,-1.0531246994131045,-2.763405050675408,-1.0835521168847209,-0.004506857303956829,-0.04467250410118409,-0.6620057292550666,-1.2748643076757036
1980-06-01,0.9872987059206552,-1.5081599403591337,-0.8467803006691063,-2.0224014284771297,-0.13015805647668038,-0.2436542661148118,-0.04467250410118409,-1.223362223570957,0.39770691410946074
1980-07-01,0.7102863336609618,-0.9068174415402477,-0.7378050622854972,-1.6750623290701578,-0.9499658626633415,-0.374048087791433,-0.04467250410118409,-0.8791516993357346,0.528376540811427
1980-08-01,1.0828909971508687,0.1234034030722346,0.2567934931891457,-1.2245683763225272,0.18109559061740688,-0.3880986285320526,-0.5136427289176881,-1.489183053593021,0.3715729887690665
1980-09-01,0.3345489112875709,1.461560816785728,-0.020999217338178663,-0.6944562589985268,0.15095178101993784,-0.296245720317157,-0.699618556268454,-1.1028548834373508,-0.412444771442728
1980-10-01,0.4843639390548036,1.084005607565575,0.28898211120761186,-0.5924206410265942,1.4864172508383358,-0.12283562775771424,-0.04467250410118409,-0.9504557539148604,-1.2051738401013232
1980-11-01,0.2046047344459086,1.4855967532333563,0.24944755448773517,-0.46162602358065136,0.37377992863463994,0.09503181678614306,-0.04467250410118409,-0.7895147327495192,-2.180840386142667
1980-12-01,1.270728887232289,0.47768259918197664,0.13268035093144406,-1.4725481845320119,0.2722039655470513,0.3165580061268577,0.28722637208174867,-0.23767891925610432,-2.930012912567273
1981-01-01,-0.28336349202566496,-0.8433295496762148,-0.06837987430526468,-0.8794704970546989,-0.8416703809096623,0.50269764841712,0.27837467188315307,0.5172738286866921,-2.233108236823455
1981-02-01,-1.7815268258840902,-0.6248843076556249,-0.10254419155998,-1.2593553871334395,-0.8737023258326625,0.6243889414412913,-0.04467250410118409,0.6416279553287757,-2.0414594509939046
1981-03-01,0.7663006038235005,0.32001513261685954,-0.04037979159563479,-1.2943510169470815,0.07679880099872795,0.6727452184061601,-0.04467250410118409,-0.1625221730462957,-1.928212441185535
1981-04-01,0.6415190989246037,-0.638650100379233,-0.10092291934550747,-0.798307800914472,-0.5290540616367287,0.6624975305725469,-0.04467250410118409,-1.2935432444052886,-0.6737840248466606
1981-05-01,-0.7933924621148413,0.38472681552571764,-0.21409030723281716,-0.4921385311756663,0.12793947278702966,0.6190249173408764,-0.04467250410118409,0.04948336293511035,-1.666873187781601
1981-06-01,-0.19109749289038783,0.3206912901841742,0.12668832712903474,-0.7421581904178247,0.6356204790747815,0.5577789705227939,-0.699618556268454,0.1806826197392351,-2.259242162163848
1981-07-01,-0.5994230008331485,0.4674783147943076,-0.02994126785743751,-0.6628702344814398,1.3297593248437753,0.46619026050986284,-0.04467250410118409,0.523874987776662,-1.8149654313771637
1981-08-01,-0.012298481988762386,-0.3192274437835956,-0.30623989772680194,-0.42370838671317707,0.4177230308103391,0.3191999881464581,-0.04467250410118409,-0.24262895346690497,-2.224396928376656
1981-09-01,-1.4879034015681505,-0.6812233315331199,-0.4040599847485865,-0.7421581904178247,-0.5528347095497635,0.09671307807134434,-0.04467250410118409,0.36706123359088205,-2.241819545270251
1981-10-01,-1.2726611634801013,-0.9935988069623332,-0.4211669796027667,-0.9700729403506573,-0.9680950557912046,-0.19557019335801873,-0.38592186410058665,-0.560131969486445,-1.536203561079636
1981-11-01,1.2167216479694436,-1.375168962059642,-0.632630278638589,-1.6563587752947606,-0.3005042129486551,-0.5374266546825032,0.29657685589821847,1.124196594989233,-0.4821352390171099
1981-12-01,0.21079405109101557,-1.273996316017552,-0.7603338542204735,-1.4906708816514311,-0.49019639886671146,-0.9010114166166889,-0.38592186410058665,-1.5939148326976256,0.27574859585429046
1982-01-01,-0.756950122265067,-2.302401110837803,-0.8644965250419078,-0.9122543123949969,-0.7224700746026564,-1.2538040823010985,-0.4493748881947365,-2.0669788076898876,-0.2556412194003706
1982-02-01,-1.0836573543270966,1.8450051913929417,-0.24239614224071337,-1.2943510169470815,0.20863371837188582,-1.567375324003582,-0.8932086350781766,-2.648297159980084,-1.2400190738885135
1982-03-01,-1.024963594768346,-0.8671305446264919,-0.4838917682653779,-1.7032305436143282,-0.5261992698987774,-1.8266978682368635,-1.2885938076552592,-0.40401395338170404,-0.8741441191230088
1982-04-01,-0.04049163266898691,-1.1309118452853295,-0.7798625860398897,-1.3827694324536595,0.5483514636089825,-2.0422115469814526,1.903788569949938,0.1696156520888386,-0.900278044463403
1982-05-01,0.463389759964579,-0.8684570099009166,-0.32069681474605516,-1.2072523286542005,-0.34298832834365284,-2.2335871172741917,0.8216985435975687,-2.9317838957980458,-0.8741441191230088
1982-06-01,-1.16763960665365,-0.4566652587265649,-0.7013843879725309,-1.3649782486047801,-1.0802370414715425,-2.417100789557099,-0.33814189970885045,0.4560319251019296,-0.31662037852795344
1982-07-01,-0.7557322545126035,-0.5259706599700633,-0.8985934200754665,-1.3916854063536268,-0.9956795534194497,-2.595202401702867,-0.3631461864210226,0.0933770343356516,-0.665072716399863
1982-08-01,-0.08055625591694181,-1.1203521834250039,-0.5425846721483806,-1.3916854063536268,-0.04751860399988667,-2.7601101157628554,-0.11937089815135013,-1.1952712856597956,0.38899560566266317
1982-09-01,1.735148688705425,-0.44272908466545574,-0.5855678571331063,-1.0536775764278936,-0.7220828330127788,-2.8979415171249725,0.5404014260950762,-0.8496532386078697,0.5457991577050205
1982-10-01,0.5730358807816482,-1.1766464297518953,-0.7719820858238337,-0.7182584828169315,-0.7076413304742932,-2.9938534704427053,-0.027685330958712503,-1.233084256891653,0.4673973816838411
1982-11-01,2.270492996759807,-0.5221052255463027,-0.4729577620797379,-0.8225383012601261,-0.25799294819275465,-3.032722630155353,-0.5755818540775878,-2.8254151828506533,0.528376540811427
1982-12-01,0.406348199032228,-0.9109370357083726,-0.2676712337199673,-0.8387480444117078,0.5689696015795386,-3.0028842453460776,-0.9388365771482511,-1.8557341410911707,0.3802842972158641
1983-01-01,-0.20037863278591256,1.6736846211193193,0.18541771168621848,-0.961777979775111,-0.2049563295073007,-2.904346322020978,-0.24878422009479276,-2.501272119859914,0.6764687844069883
1983-02-01,0.6160764302954014,-0.8295843338892929,-0.379817658986722,-0.6236266179717542,-0.38485514597676274,-2.7422487161091067,-0.9474630893933669,-0.9743407540069694,0.8071384111089531
1983-03-01,1.0993748443125433,0.6566395399720278,0.0958925451025517,-0.15774066349453858,0.25506970813994145,-2.525710268581172,-0.09919091545286342,-1.9527796965895627,0.6242009337262016
1983-04-01,0.1856018265739235,1.0788002400249301,0.2898451622798629,0.4128687203549636,-0.1254630204646226,-2.271623652350367,0.6852557165890375,-0.4452697102265753,0.28445990430108953
1983-05-01,1.1862315541769706,0.41504216233575636,0.29974562982043945,0.6816565376099534,0.35825487023377073,-1.9974019307277484,-0.2885106735620171,-0.10336596939355747,0.5632217745986172
1983-06-01,-0.07528190104535727,0.4243735105241628,0.48359237961550106,0.6124475952716454,0.062267608339151945,-1.7167433801846337,0.3525286929388529,-0.2266854924875985,0.3977069141094592
1983-07-01,0.7429236935981935,1.301573328909441,0.5547998830858832,0.6502996444150182,0.5645750444524907,-1.4371736464738452,0.21052186124238614,-0.011996412180974105,0.2931712127478871
1983-08-01,-1.0899193004190644,0.9957845644745084,-0.8256620385926557,0.5295826865704961,-0.5850794842212002,-1.1619671860984595,0.05060524981095978,0.8924563080342345,0.30188252119468617
1983-09-01,0.17048212047112932,1.2668516388208262,1.8828863219352665,0.46502999531679884,1.018947381385827,-0.8923809420193193,-0.352237135890141,0.6955637691902309,0.41512953100305583
1983-10-01,0.08078632986830113,0.576980776337485,0.27549169879496127,0.42595281503439053,1.4749396104157049,-0.6301121875338712,-0.3203503908985157,0.01321173296158823,0.5632217745986172
1983-11-01,-0.43825471053882087,0.2568089408590075,0.42761745864240175,0.5424079747710822,0.6243838843365045,-0.37748266441691575,-0.27388180475312535,1.0179059741932013,0.7548705604281662
1983-12-01,0.2586039040212538,0.3132907671860812,0.4250482039876795,0.7376778041661207,1.0847732104005487,-0.1376947751164614,-0.2907246571219799,1.180784799176192,0.6242009337262016
1984-01-01,-0.4775158364070296,1.805072631783515,0.585983586631218,1.0921817688433153,0.23577956554188786,0.085504669503332,0.14033357054151327,0.6266327053598563,0.7200253266409761
1984-02-01,-0.31996457539800643,0.25013545166838647,0.6578053258049061,0.9326188131337984,0.7738834991352158,0.2869357834828113,0.13955986920407817,2.444526059046951,0.7984271026621556
1984-03-01,-0.7879178996776427,0.3006607297762832,0.2631248917521595,1.1444143741981077,0.6399756304793498,0.4605059961646596,0.20036745834835248,2.3162851001899964,0.7548705604281678
1984-04-01,-0.1679280474304163,0.4033416516304109,0.42870934888618933,0.8542077634513965,0.727816847267975,0.6005310432036509,-0.1011165958357403,2.1484195982117296,0.6938914013005835
1984-05-01,0.39357915946321487,0.35415290342386885,0.3219227686238874,0.9744077656071908,0.05488801303393569,0.7018870806830013,-0.08350691257523193,2.2046388688244583,0.7113140181941785
1984-06-01,-1.367264915241805,0.17702680679341318,0.4567626120281472,0.8176596035916762,0.9587302746559588,0.7620922467054819,-0.266173998705126,0.2867999629704163,0.6503348590665942
1984-07-01,-0.1434451576790182,0.08656771781169535,0.3251155118098013,0.8844906740804327,0.07460129353973739,0.7864305053103161,-0.5460456787915172,1.3706666498683011,0.6242009337262
1984-08-01,-0.006073368686192875,-0.0890179941269818,0.2019936587558728,1.033591881256652,0.7157435632375729,0.7829879226787109,0.16334434811440562,2.644430688648209,0.05796588468434874
1984-09-01,1.416520639531078,-0.4929543056359569,0.3254503585222316,1.138633785530951,1.1098922159891478,0.7604910454814834,-0.019436360954657717,0.3963059707616529,-0.046569816677223354
1984-10-01,-0.173656876586369,-0.20426755295763938,0.275027915573448,0.8663397923166551,-1.081791823392392,0.7277464804506313,-0.2724496864668822,1.38232214490886,0.15379027759912328
1984-11-01,0.2590054606733721,0.14691088790365617,0.39545875171795963,0.8298677749528792,0.5147119342475024,0.6925200535225844,-0.3288681757236055,0.5365143624208312,0.48481999857743774
1984-12-01,-0.7861140043261512,-0.16055351157567188,-0.014631202662979717,0.656584517162875,0.3920064023516502,0.6604960290425346,-1.253703569773,0.14553343965086288,0.8506949533429423
1985-01-01,0.21900637460667316,-0.21051988599201818,0.23524739391651642,0.8481322774447089,-0.5598189495747019,0.6347967493972987,0.05589877461647904,-0.8434445994661117,1.3820847685976034
1985-02-01,1.6318023014441978,0.08464951324310284,-0.004837401633963859,0.7066212977486291,-0.2599807710015095,0.6179040764840831,0.7019005993792382,0.39423941946429275,1.0074985053852996
1985-03-01,0.44576232330030796,-0.04042491951744303,0.36485110071994,0.7066212977486291,0.3724205471737678,0.6120596920164743,0.3774208201244673,-0.9493477876809023,0.9290967293641217
1985-04-01,-0.3841481396893673,-0.4133966017577521,0.10933673555246765,0.7624045521047585,-0.7137972866879008,0.6203058783200865,0.19614967338326197,0.12293661427849635,1.0684776645128855
1985-05-01,-0.5073961969622425,-0.04622401822125789,0.24662360296238042,0.587075799728153,0.051253041868803764,0.6444039567413125,-0.5522330140004963,-0.7193855723262853,1.268837758789232
1985-06-01,1.229176059270341,-0.24219133379891014,0.021159808385541646,0.8784466509794691,0.30202043389988487,0.6820321855053743,-0.2570178811567843,0.2164630215573119,1.1294568236404698
1985-07-01,0.23629392791947798,-0.672680773958836,0.09480061036926925,0.7252750284401923,-0.43625516153114174,0.7228628167174216,0.038053640589461105,0.26702972124601887,1.3472395348104125
1985-08-01,-0.1756336427492489,0.11395644399579026,0.09943252748441964,0.6250922454678842,-0.09719956248649522,0.7540862405854666,0.1426949959666566,0.07731116246852784,1.2775490672360312
1985-09-01,-0.6445078350764692,0.14839847260036665,0.12158841397489337,0.6061149806704671,0.3664951392851041,0.7660151897042811,0.1861758328682969,-1.2119345592392434,1.1294568236404698
1985-10-01,-0.48678395994947393,-0.5080380335794111,0.09105807710819733,0.3668419730385492,0.46781440892054116,0.7582493637678741,0.4786878237175781,0.4529439970327327,1.2427038334488387
1985-11-01,0.6495634678423818,0.1619347823734427,0.12888946524832537,0.5295826865704961,-0.1241964110894428,0.7343114054690423,0.4672353738628893,0.2940635229183635,0.9987871969385036
1985-12-01,0.9078474960757936,0.7758601491023928,0.051338210798881796,0.7190637412307703,0.7296908499556689,0.697643897439391,-1.5430076225728686,-0.16502374133148956,0.7461592519813687
1986-01-01,0.8841807842221384,0.3650158881256417,-0.02407982810663279,0.8237668817862935,-0.8725536330357888,0.6495278006581191,-2.1178560058617992,-0.5677534635144534,0.41512953100305505
1986-02-01,0.3358941627952781,-0.9053009850770077,-0.03827368879773777,0.8420504595077399,0.4611239224991655,0.5899631151252379,-4.841747527455494,0.5501261512071601,0.44126345634344843
1986-03-01,1.0593773191168996,-0.915871542655293,-0.08720256986509345,0.7931663723245836,1.1411151670375714,0.5206311021259374,-2.4912065094682094,0.4892692266382102,-0.24692991095357153
1986-04-01,0.830900557651218,-0.048272042304960905,0.08636258937530097,0.860276930698747,0.13168811614256376,0.44769638637263737,0.1732012835839015,0.5227633595286643,-0.2207959856131789
1986-05-01,-0.135505878422502,-0.043893642832662734,-0.018251525798578347,0.7747287462996977,-0.2863824127955757,0.3779640730673457,2.1855565216102466,-1.1463012736428846,-0.020435891336830717
1986-06-01,0.8065762475140048,-0.6013261104028704,-0.39992270425561716,1.0453570138352437,-0.3605966441075596,0.31543716527005305,-1.7021676505343426,-0.16709321523773477,0.3454390634286739
1986-07-01,0.5086310451671844,0.4653192587809297,0.31241343895411844,0.9505650203553742,0.14739775800647814,0.2574736809611704,-1.8803981916019783,-0.05276583812903019,0.04925457623755119
1986-08-01,-1.7519765879329874,-0.38084101647512036,-0.03976507846286424,0.7808810966664287,0.2421199029655143,0.19910989634629664,3.1692610035652766,-0.9470097164373171,0.23219205362030274
1986-09-01,1.1544477429787279,0.06464327578372729,0.3582437682556647,0.5934290978868189,-0.23904367321141676,0.13698328885500646,-0.18920517434213038,-1.2224445373372106,0.4499747647902468
1986-10-01,-1.557637187896682,0.23691514192246554,0.08311389640957456,0.8237668817862935,-0.371017326084158,0.07309536001731225,-0.09432327894715462,-0.046073325269011076,0.5806443914922123
1986-11-01,1.0302846572871347,0.21115995264167253,0.08251358648826994,0.5615932099663015,-0.0644751994496113,0.01240983362762642,0.2414654659189275,-0.6187149749021527,0.5719330830454147
1986-12-01,0.1638487411202676,0.7612732876919368,0.10588701437586821,0.4128687203549636,0.19483184859859665,-0.039156851791361996,0.6284972611785584,-1.3797226160035752,0.3802842972158641
1987-01-01,-0.37818382861543925,-0.5463641590828052,0.050511269520418456,0.4973956012041404,-0.6917074389162484,-0.07764972921637497,1.7583124947933506,0.5213544056414411,0.34543906342867314
1987-02-01,2.4974843744798285,1.1308550499587593,0.17284279568279062,0.48447089208381633,0.11068927313942815,-0.10017863043809262,-0.6641028426009519,0.23978435131018339,0.32801644653507883
1987-03-01,0.3996875012577512,-0.046804303052168254,0.17866574518053668,0.5231594566624183,0.058909016628174535,-0.10551063051401735,0.3446783296367933,0.9537748795971669,0.28445990430108953
1987-04-01,0.6112865069772067,0.4449693405277301,0.33031292760398706,0.6502996444150182,-0.48680807175135316,-0.09557517691908127,0.17696301171975334,0.31832074600748944,0.39770691410945996
1987-05-01,-0.48207916139916507,0.4441253575963329,0.14922053772164418,0.5424079747710822,0.46843540183382293,-0.07245383124448813,0.44683753246757973,0.7290618917148822,0.5980670083858082
1987-06-01,0.005446520063409094,0.329193864604071,0.05211614345626444,0.5679742972968491,-0.2863783466869325,-0.036586923826841825,0.33550968873950865,-0.08308736024399778,0.5632217745986164
1987-07-01,0.8773384310544933,0.494102147207699,0.34640808859097544,0.7066212977486291,0.21214017083461104,0.014331275096436011,0.7288392043350322,-0.8746965186362495,0.6503348590665934
1987-08-01,0.9443934549469545,0.5629572661230069,0.05232193851043868,0.7500542749397007,0.6754757995451071,0.08206208687172667,-0.6739306330740944,-0.8793501954479128,0.7635818688749654
1987-09-01,0.27982930874910816,0.20440268966954606,0.14238412886528148,0.7003901131925335,-0.17884097890648193,0.16396352947944112,-0.5000495556218864,0.4212432450140213,0.7200253266409768
1987-10-01,0.13961229474449469,1.1448667200802456,0.5825881927827239,0.42595281503439053,0.7897783858661116,0.2473861132499627,0.15346080418251953,1.4986560569732106,0.6938914013005827
1987-11-01,-5.797903899539708,0.2988535105358986,0.15138820756203528,0.006048718045517845,0.5669137475031528,0.31775890704485377,-0.624713946103502,1.0860385510200878,0.9378080378109193
1987-12-01,-2.3730926318637233,0.3723175136983103,0.24183451404770354,0.2602544658318039,1.6385471551900528,0.3661151840097226,-1.1703762806708378,1.350041565957361,0.9029628040237283
1988-01-01,2.1152138055957317,-0.213043845675178,-0.08593710934262443,0.5231594566624183,-1.0668943987564232,0.3980591484285697,-0.10171732600069731,-0.5856086927985339,0.6590461675133917
1988-02-01,-0.21826033082522528,0.312333558473377,0.5243243429858824,0.5743484145688486,0.45004242355175705,0.42471914880820466,-0.3267694212853095,0.7425003026616346,0.5719330830454147
1988-03-01,0.9326580669058556,0.05608441732540112,0.21490295938911097,0.7624045521047585,-0.20396788525223639,0.4547416717582536,-0.4472458473830704,0.02280785010841492,0.5370878492582237
1988-04-01,-1.1133286013239914,0.39171301071355874,0.16113999365461865,0.5488100640389071,0.3443357016404764,0.48780647703389396,1.1344970763684143,0.11689779399200965,0.6590461675133917
1988-05-01,0.3473384731336641,-0.397185469682164,0.1389014961176738,0.7747287462996977,-0.1907110814892179,0.5195903213303356,-0.3444993166950301,-0.04453090707162219,0.7026027097473803
1988-06-01,0.3080790074157779,0.09977301825276699,0.35714753141197764,0.7685699026859879,0.27352181907740125,0.548411943362377,-0.6924424873656789,1.1162263961796786,0.4586860732370435
1988-07-01,0.29621412483246795,-0.17827134240423137,0.12699298424890695,0.6879077474014448,0.4460180447742708,0.5804359678424269,-0.8255838284233845,-0.3821030093242552,0.3105938296414822
1988-08-01,-0.10119340856896958,0.31257701650358616,-0.03654980061429912,0.9326188131337984,0.0386366607919893,0.6244690015024826,-0.024367404204556995,0.8505265046073618,0.22348074517350597
1988-09-01,-1.3361793792156682,-0.5095511655881931,0.3125642625969223,0.9266244584389446,-0.007235013074994947,0.6861953086877703,-0.8988840334216123,0.2642055969390047,0.07538850157794383
1988-10-01,0.9912173416529035,0.2417880522740915,0.1877876369699634,0.7314797114089135,0.6131683290434592,0.7619321265830763,-0.6182072339462671,-0.29774034150276163,-0.18595075182598872
1988-11-01,0.5026766582609931,0.05112344343471158,0.3126753032107348,0.6628626283464895,-0.41958791323062006,0.8434332688847997,0.11146471871110727,0.27069086700792366,-0.2556412194003706
1988-12-01,-0.6839593269931159,0.2638062864580828,0.21435395576292907,0.5934290978868189,0.4931383382563325,0.9217320087385033,1.792516132099445,1.4212772499336739,-0.4995578559107065
1989-01-01,0.09871171199264019,0.10466876848001663,0.18426197560919272,0.9624985700812981,0.689663338512574,0.9909839616766011,1.1709202667562577,0.8680770397430037,-0.6999179501870532
1989-02-01,1.609005028900533,-0.6415318377366277,0.18803113752323566,0.8115459269902411,0.07491601038131818,1.0473462447614852,-0.15089382957444356,0.6328205985912873,-0.8305875768890194
1989-03-01,-0.9212516148063374,0.0593992939746395,0.07188751394001862,0.7438693206963595,0.26200855321485567,1.088577176279535,1.008381538969545,0.25360511541278286,-0.8392988853358185
1989-04-01,0.5922272417012256,-0.20825872318671942,0.03301743782585509,0.5679742972968491,-0.8998851357459314,1.1153972967815755,0.9103043942547608,0.013798229069000115,-1.0570815965057603
1989-05-01,0.8271763818080334,-0.769562802677246,-0.043937262122353986,0.5167291488136135,-1.1512244222825885,1.1289274471244,-0.6393799459097587,0.6789784446942341,-0.9438345866973907
1989-06-01,0.796792915324762,-0.2008178412171925,-0.05690055393874142,0.5102917474081038,0.006064463803758185,1.130128348042396,-0.06101068785701164,0.5529518143073857,-1.0309476711653678
1989-07-01,-0.3334995944734002,-1.1732469197059585,-0.17170381128586898,0.5997754865300783,0.17313359778329832,1.1198806602087827,-0.2652638341247642,0.4917771857933846,-0.7608971093146375
1989-08-01,1.5600412921275986,0.7927255873125827,-0.157404742972488,0.4455241149300233,-0.127169305225118,1.0998656449087503,-0.7571035606906259,-0.4071677128389622,-0.6912066417402564
1989-09-01,0.5190202285147565,-0.5104948154402169,0.15725866369875074,0.8359622964283152,0.003063258279291338,1.0748068457531137,0.6368865464244031,-0.7682522965896796,-0.8392988853358185
1989-10-01,-0.3236727918589455,-0.32949318711809017,-0.06876902569097836,0.7190637412307703,0.4130551424993791,1.0547918304530925,0.2587544692184768,0.3014081695701814,-0.98739112893138
1989-11-01,-0.7785126439980296,0.1479426650628467,0.19868998527490744,0.5295826865704961,-0.34140806772804655,1.0499081667198829,-0.20917967371780558,0.7701322873472908,-0.7608971093146383
1989-12-01,0.48790350310749075,0.3598492388769831,-0.10572911856850646,0.5038472367781742,-0.14784626980023904,1.063758557307507,0.7065206563345767,-0.7496487766978254,-0.6824953332934588
1990-01-01,0.4477223114618397,-0.7057987317560359,0.3296739229297498,0.6628626283464895,-0.41660644111123185,1.0872161552391335,0.8160954095903895,-1.2925197599682237,-0.6912066417402556
1990-02-01,-2.197850185347292,0.7209421088295406,0.1392107889896638,0.43900763878404814,0.1878693274398301,1.104509128458363,-0.3332522772082922,-0.4696548427733719,-0.5169804728043016
1990-03-01,0.13647584866464002,0.30929345435766276,0.08188891246997083,0.5552051373170849,-0.25100494114945476,1.0997855848475588,-1.0079744279383993,0.6007625807866144,-0.4734239305703139
1990-04-01,0.2697748788249563,-0.4583525609360721,-0.18523970804859363,0.7190637412307703,0.6430945631621514,1.0636784972463043,-1.186053627681322,0.2355698215538902,-0.5344030896978967
1990-05-01,-0.578492853298082,0.11392548764539069,0.0028691577598805116,0.5102917474081038,-0.6146874368390205,0.9896229406361995,-0.27169102578498067,1.1190656445525238,-0.35146561231514517
1990-06-01,1.903037801492776,0.1492047350356423,-0.20412849603750371,0.36023698785993336,-0.1955226642989102,0.8723349509780326,-0.9877890917128913,-0.49130973802124345,-0.4734239305703139
1990-07-01,-0.3672543163874814,-0.36994739845526453,-0.2934335377795051,0.353624518277246,0.24007133030139183,0.7098130267418025,1.1619139420082731,0.6548711431423097,-0.4821352390171114
1990-08-01,-0.39537341524482517,0.15940788975113374,-0.5664193925482389,-0.4844954341009699,-1.4720641540402888,0.5023774081723202,4.522840409390428,-0.644522844751775,-0.22950729405997722
1990-09-01,-2.3315181444826787,-0.18541555657644695,-0.3689575994416196,-0.7661561835903236,-0.6356736659659196,0.2564329001655685,2.5579405928360934,0.017335309425844905,0.188635511386315
1990-10-01,-0.723502227203876,-0.7855737836968495,-0.468146789014812,-1.5270860000226083,-2.0259028649325432,-0.009918917441084314,0.7334767660685083,-0.4361882477648672,0.13636766070552897
1990-11-01,-0.7216780537501843,-1.48699885578146,-0.482632758375163,-1.3383927639782478,-0.4532506256642086,-0.2737008070832056,-1.3321333206768877,0.05791423930741407,0.28445990430108953
1990-12-01,1.1044045258212265,-0.9379354908155942,-0.3236965151833026,-1.3827694324536595,0.28802821320488664,-0.5125119636370271,-2.065529420419222,-1.709895900684825,-0.0117245828900324
1991-01-01,0.028265184146570404,-0.5228524998391105,-0.4120793392123214,-1.2680846389965301,-1.985495110185372,-0.7099320685503819,-1.1470858212765482,0.2862290431689774,0.26703728740749366
1991-02-01,1.000269102965632,-0.9429240303361847,-0.7490195511917727,-0.961777979775111,-0.4191245284712215,-0.8552250676163403,-2.4151523804187587,-0.9607089100254084,0.6242009337262016
1991-03-01,1.6264122806707677,-0.776614348833856,-0.503094066604819,0.3204493079348031,-0.3042323705016641,-0.9458450508887497,-0.4424639582339334,-2.430737967275209,0.5893556999390098
1991-04-01,-0.0861234157488235,0.07330498667599004,-0.5844818304935381,-0.08596234422556838,-0.006092048727156653,-0.9938730816026963,0.5289100365372746,-0.7494255882197979,0.7635818688749654
1991-05-01,0.4113133979466619,0.7542576586762477,-0.3927230243650132,-0.34114682741571967,-0.4419766296914356,-1.0161057605979704,0.1955156107594719,-1.8460799290103242,0.8681175702365375
1991-06-01,0.32648962258375863,0.6228458246708036,-0.11623619022723217,-0.0645998904150683,0.5136957594493734,-1.0274742892883884,-0.6558150598558291,-0.8017163909238946,0.8245610280025497
1991-07-01,-0.7448040157865553,0.08963855945308236,-0.3021484597833221,-0.008012743655447022,-0.8024142480441082,-1.0362889020265198,0.6686947189197618,-0.8184261667884185,0.8332723364493465
1991-08-01,0.41425938842117355,-0.19427155086735698,-0.2242944736819052,-0.07171202265717626,-0.17231391590050021,-1.0446631844280474,0.10594796278340826,-0.8496507750858169,0.9116741124705251
1991-09-01,0.15866961328751883,0.6057836761136476,-0.1814022091314175,-0.0009777774239077385,0.0346611598808227,-1.0491625598674996,0.04935438433949631,0.7362267199520319,1.0162098138320987
1991-10-01,-0.3106654844687401,-0.2483900095643534,-0.19730115186750397,-0.34114682741571967,-0.7447710252350291,-1.0415888780779656,0.6922821668810168,-0.04202113559503504,0.9639419631513126
1991-11-01,-0.012849374646631126,-0.35323880379144357,-0.3354952379267304,-1.0705432060358802,-0.015604388572835482,-1.0125270758623273,-0.44926396266887564,-0.2651113880340251,1.3298169179168173
1991-12-01,-0.7264421994282765,-0.6859567462461031,-0.19093360369449827,-1.1470476288733356,0.6610498447709544,-0.9559406246060913,-1.7487179937160233,0.20813495732803008,1.4953317784059745
1992-01-01,1.92379752330081,-0.7240617178077133,-0.18300657445379365,-1.2072523286542005,0.02847104966252577,-0.8752721069408517,-0.4851908355293712,-1.2865587399181022,1.504043086852772
1992-02-01,-0.566388447817587,0.5181477003405357,-0.3211921264117462,-1.0959334003288803,0.47445350047773766,-0.7780952046561539,0.06744631597369599,-0.9793051457950597,1.9221858922990627
1992-03-01,0.025515757414221133,0.6652204241113743,-0.1528235975595538,-0.5151280702292644,-0.2974016378188818,-0.6725280079576947,-0.09515768933003024,-0.1703976957936083,1.7044031811291196
1992-04-01,-0.5992268051481324,0.5713880407769886,-0.0005636521573211244,-0.42370838671317707,0.027145672013607992,-0.5650233577781809,0.7766375316662443,-0.08907805025316029,1.7915162655970964
1992-05-01,0.32876189512894916,0.13907954430376912,-0.03256727310715996,-0.2744546297100763,0.48049467143541097,-0.4604649178508335,0.36539725560108494,-1.1350702654017635,2.0528555190010285
1992-06-01,0.12625229778438557,-0.14138658959589753,-0.14358887278641194,-0.18670103947135303,0.31202299514589155,-0.3625834870275786,0.7582507202358069,0.3814294863430013,1.869918041618276
1992-07-01,-0.3817128254076447,0.7335093477533501,-0.10409235557355544,-0.4692392063725787,-0.6310133005672416,-0.27434929357892757,-0.38284407899767153,-0.0018486993982115999,1.8612067331714783
1992-08-01,0.531054944778183,-0.7600849916797543,-0.04256734205015055,-0.5074548228615798,0.21500941071075688,-0.19927697419158866,-0.27453592465829607,-0.032643543880256705,1.9047632754054673
1992-09-01,-0.6294235213693969,0.13983015933340492,-0.1817261528106309,-0.5459223569007146,-1.2157783309763526,-0.14237028269054158,0.2645406341981642,-0.7610396343191089,1.9047632754054669
1992-10-01,-0.12533124574626342,0.4872092360647694,0.05493191772925072,-0.7262141810939137,-1.3494531805933647,-0.11020215010034265,-0.16361358141181867,-0.5139602343920938,2.0441442105542316
1992-11-01,0.21576664984768,0.18956741917233733,-0.010117229911427647,0.1585289883851244,0.3328380390348911,-0.10872904497425948,-0.8208046630400944,-0.12539426094211217,2.0354329021074333
1992-12-01,0.2941623138468784,-0.022508263576929022,0.10591159581267012,0.5359988541023226,6.17598459612817,-0.13957618655465823,-0.6146621904723095,0.30883825568785117,1.8786293500650746
1993-01-01,0.10618672214003429,0.19436974204598687,0.21340770118906566,0.42595281503439053,-6.140591022830488,-0.19427322036657482,-0.25369484069723164,0.09478295118785522,1.843784116277883
1993-02-01,0.23566775833187825,0.29263018951516706,0.16531827253019604,0.24679309012235745,0.5285742693932067,-0.26053092701579367,0.561007372654595,0.49720859719732036,1.7915162655970969
1993-03-01,-0.16390823593723805,-0.28148335432441973,-0.307413415322999,0.19943221974819744,-1.0244105148933178,-0.3269087237568053,0.1316367492506507,1.0042797583517336,1.4953317784059745
1993-04-01,0.2887715824128623,0.083846488017619,0.22382934441657712,0.17901644225161525,1.1277064776039367,-0.3867536195038848,-0.09060128064648468,0.11465939411866576,1.5824448628739511
1993-05-01,-0.5403441794137931,-0.576478277367998,0.1836862851975807,-0.19396364623618118,-0.32382490397976926,-0.4353981126890745,-0.2435067066257619,-0.3175759659936785,1.5824448628739511
1993-06-01,0.44454766867811385,0.03463214795397151,0.02733037308014097,-0.1074032885509065,-0.8275717217403034,-0.4680225876281224,-0.5850743141380378,0.16182117271708735,1.3907960770444017
1993-07-01,-0.38187005919344685,0.07916642131087001,0.24554649474936066,-0.4388458888002821,0.05738315520559351,-0.47846241960862,-0.8346814183940398,-0.6704361992173536,1.2775490672360306
1993-08-01,-0.07980302113830895,-0.31510677255565095,-0.012509040880870282,-0.41615433545465885,-0.11409577366153055,-0.4608812301690697,0.051898756863607606,-0.45198781766996193,1.1730133658744577
1993-09-01,0.5155990705829434,0.34187858044352054,0.14630660056997097,-0.37103423606298325,-0.8486791500021698,-0.41327751777948185,-0.3822901593266397,0.673991249596373,1.0249211222788968
1993-10-01,-0.22976197798675826,0.5453213568844634,0.20090111745434355,-0.02210817027273631,-1.0432978246190685,-0.34304883209475123,0.38408033569672495,-0.7014953173079549,0.9290967293641214
1993-11-01,0.24765541860190868,0.26781984616389687,0.1521524588494793,-0.128923302302799,0.0934873219254289,-0.26062699908923015,-1.050656938003886,0.47789866933216046,0.9639419631513123
1993-12-01,-0.4927526173528434,0.4039359553315278,0.27694014479883894,0.353624518277246,5.85918955719045,-0.17475457744599257,-1.746756914212161,-0.579835247117051,1.112034206746874
1994-01-01,0.03816855827864271,0.09742250278108164,0.1852560721171813,0.7438693206963595,-4.398154307844798,-0.0890262639129154,0.3576443834933741,-0.21084630570301652,1.1555907489808626
1994-02-01,0.550942712234038,-0.13420708764834957,0.037798656605100546,0.6753986241069498,-0.19722152203143634,-0.004747037487553761,-0.22365368224055707,0.476923406074005,1.0859002814064802
1994-03-01,-0.8751924207007772,0.8330944051869612,0.46641074175889985,0.5679742972968491,0.1149799343724119,0.07597752222052094,-0.14342482695637007,-0.335634819514059,1.0423437391724921
1994-04-01,-1.4338194920661187,0.4030125698715476,0.2833464835926524,0.637709555858593,1.2852124156751186,0.14691073644382,1.2991852639819579,-0.21814811109566298,1.2252812165552445
1994-05-01,0.5878316547955454,0.2710037293592399,0.2651529710836381,0.6502996444150182,0.07423882957648505,0.20127151799869178,1.016737338429305,1.9084615228111812,0.9116741124705259
1994-06-01,0.09478704820897185,0.4871646483551749,0.23958263115906048,0.5488100640389071,-0.6128256571314459,0.23553722419233958,0.7358478114544753,0.7707145473971324,0.7287366350877736
1994-07-01,-0.7176515322378777,-0.058703432273917715,0.31635359058893014,0.4063156553403055,0.011995735325348906,0.25411115839076787,0.3182606180895191,0.4883930188529034,0.7984271026621556
1994-08-01,0.611534763917495,0.48245387886542634,0.2037792233657861,0.5807155769924727,-0.19448070330253917,0.263398125489982,-0.8540299946179177,0.724665446462596,0.7026027097473803
1994-09-01,0.45974161729291274,0.12440476123070897,0.27582632980299127,0.5679742972968491,0.3800944774300211,0.2662802876931907,-0.6667102198576667,-0.07896433095521246,0.615489625279404
1994-10-01,-0.6983616761032927,0.617034022385391,0.07468668585604198,0.6440079955227258,0.9151788755325183,0.2574736809611704,0.1275446584655538,0.8262464243049205,0.5893556999390106
1994-11-01,0.19201432642802996,0.4956751091089918,0.37289731551454197,0.5743484145688486,-0.4817645481995951,0.22841187874553198,0.21919076072626034,0.5373361763165815,0.6416235506197966
1994-12-01,-1.1128076095052226,0.8347662323029772,0.21378817354249757,0.7931663723245836,0.279005558572817,0.17261001608905585,-0.6906984150827792,0.9228206682195165,0.04925457623755042
1995-01-01,0.37739629002645264,-0.02118985245739079,0.25248721149849396,0.9445890814999807,0.06012123865180099,0.09279013507254515,0.5275105276137295,1.425125566686124,-0.23821860250677476
1995-02-01,0.419796104310487,-0.3072426066702569,0.04034178206540388,0.7931663723245836,-0.05315755475751847,-0.0037382807164307165,0.3135856792765671,0.12281232813746988,-0.20337336871958303
1995-03-01,0.594384959771797,-0.02525787461826499,0.07669345087763539,0.4909368249141202,-0.018664439129972746,-0.107576180092976,-0.03160502582990561,0.7251587992708899,-0.11626028425160603
1995-04-01,0.6152190595137421,-0.3678092633495986,-0.0076522846085037705,0.6314043107477959,-0.12284115587659772,-0.2087480794315646,0.7880283582526262,0.6562058273669925,-0.2033733687195838
1995-05-01,0.4228730485619699,0.3021860744402822,-0.26505773838089575,0.4585352770255576,-0.39591140285257587,-0.2987836242572097,-0.1241861273270518,0.011066367402357632,-0.1336829011452019
1995-06-01,0.7046389990007838,0.14142119680205525,0.11976384692531612,0.6440079955227258,0.3444869307119618,-0.372991294983586,-0.8830514199592078,0.48630947505627736,-0.3514656123151444
1995-07-01,0.43996878560737246,-0.6167502312913665,-0.10513614120411516,0.7500542749397007,0.13824121465715744,-0.4335807492998353,-0.8045619817823524,0.12657401609628138,-0.29919776163435835
1995-08-01,0.38279281155675277,1.1383785049488786,0.14799930017649698,0.860276930698747,-0.0864764127111206,-0.4850993986821112,0.45598705565100206,-0.17593262883478944,-0.11626028425160603
1995-09-01,0.034048294347125675,0.21384625227888382,0.09312436545772117,0.3997552231908621,0.3659448237223725,-0.5309177717069273,0.08895875932070502,0.17853708667194648,-0.2643525278471674
1995-10-01,0.5786471272089063,-0.3709821477189554,-0.015373701536961869,0.48447089208381633,0.10260201038415628,-0.5706755980989053,-0.5813291104443328,0.6084388818906311,-0.36888822920874026
1995-11-01,-0.03908842989295519,0.07298774500971461,-0.03604997808871625,0.353624518277246,0.3014907817425824,-0.6007381510795443,0.3314487718301091,-0.512864149703838,-0.3514656123151444
1995-12-01,0.7392039147764567,0.15719107273359192,-0.00574428558848437,0.5359988541023226,-0.213904134177238,-0.6154131602975296,0.6424805749896111,-0.970458889763975,-0.4734239305703131
1996-01-01,0.3763693098761202,-0.7734840450191937,-0.2502309544981946,0.42595281503439053,-0.22823177913240345,-0.6088082052485173,-0.1468971713674851,0.5908219531823872,-0.4298673883363246
1996-02-01,0.508550287526455,1.2758667945271533,0.371185807273958,0.3734394907365639,1.0131369733946662,-0.5768242107990801,0.07662362002933398,-0.6129044164520475,-0.151105518038797
1996-03-01,0.07389819502611837,-0.3169847517474562,0.13057727691622004,0.7066212977486291,0.08178530532095683,-0.5207581499406394,1.329047741937579,-1.5072390878129907,-0.0030132744432356273
1996-04-01,0.19334382166829045,0.8079520262171541,0.0013037176645511522,0.6440079955227258,-0.10673860881540212,-0.45281117600009674,1.1479635781292696,0.8122043525500189,-0.02043589133683149
1996-05-01,-0.10765111961070037,0.5596715172037118,0.24884303437752597,0.43248387758776385,0.4307704015597755,-0.38866705496657183,-1.2998522892280366,-0.6124331733123453,0.1363676607055282
1996-06-01,0.3170702633304347,0.5746145068851888,0.15553611675340362,0.6250922454678842,0.8087752386870315,-0.3409272404729461,-0.509518073230643,-0.7156089686507929,0.14507896915232574
1996-07-01,0.14254012626114507,-0.17758031988899808,0.11879394139500796,0.7685699026859879,-0.5867733603585108,-0.31253794277138597,0.4600109483755821,0.5804900336346012,0.06667719313114628
1996-08-01,-1.032335084726101,0.3230471970309992,0.017865111380743627,0.8054258385610952,0.29414522288062633,-0.3013295342033736,0.31361020932503475,-0.15615214494056442,-0.011724582890033173
1996-09-01,0.02780284425385044,0.43774203760988945,0.05035990811782612,0.7685699026859879,0.22874396697934296,-0.30330701771500695,1.0263405849523433,-0.2858008450796677,0.04925457623755042
1996-10-01,1.0358303359390637,-0.1631880170160782,0.13974547937378437,0.8784466509794691,-0.2746874868484046,-0.3148276605217078,0.40632380837024995,0.7322629737124419,0.06667719313114628
1996-11-01,0.3464086959034878,0.7314717594217236,0.16310495528413188,1.0394774125496211,0.19091310255678098,-0.3315281892880504,-0.6378840488226569,0.012632599665417596,-0.0030132744432356273
1996-12-01,1.5216756545425199,0.4526063013561979,0.04004912152142973,0.9025852739499575,0.3070534273078171,-0.3466595408548733,0.784602986720121,-0.664918035121964,-0.21208467716638135
1997-01-01,-0.7379901552340983,-0.03298552016017586,0.0651246024778388,0.9326188131337984,0.2828406742269156,-0.3492054508010372,-0.1500917319315834,-2.1817063092825304,-0.011724582890033173
1997-02-01,1.360038882959569,1.006787829732521,0.21032495443454016,1.06881635711724,0.35689279686855546,-0.32836581687064337,-1.5602009669119579,-0.04719437704474385,0.005698034003561918
1997-03-01,0.11135167256316188,0.44648249252791494,0.209156891251762,1.0863491808691887,0.3668446092634273,-0.2790488191713754,-0.7290457978462833,-1.737515974359102,-0.020435891336830717
1997-04-01,-1.1900341437431459,-0.07467735854506057,0.17985304684565856,1.1674796365679645,-0.14742799591087902,-0.2091483797375557,-0.8007129655152818,2.7968671603668627,-0.020435891336830717
1997-05-01,1.0078040815420504,0.3654235093713748,0.14373946891710404,1.2701597716319375,0.48753528259634005,-0.13225069095485506,0.6186765347361705,0.8286276928770925,-0.10754897580480771
1997-06-01,1.1969157133966508,0.2704921902786932,0.1204748238732116,1.3432098822043743,0.24470459860922203,-0.06198998124563425,-1.0506750470432271,0.818303653657368,-0.03785850823042658
1997-07-01,1.0423352848541245,0.6668806587265133,0.178443336004861,1.4866226749061136,0.43048984812331254,-0.007068779262354448,0.24256948755208782,0.8001119583053949,-0.09883766735801017
1997-08-01,1.263357791731034,0.8133842568662778,-0.2777377546817037,1.3376229944800582,0.6620819549665773,0.027781365378046267,0.13905525222401027,0.5565846075192306,-0.21208467716638058
1997-09-01,-0.616130263840509,0.7287206815904496,0.4437127417946128,1.4263776146178473,0.1585917886767225,0.04179187608807591,-0.13006546424866366,0.8398930418015816,-0.1598168264855953
1997-10-01,0.5406341194146228,0.6994275664010048,0.2467196528182527,1.4043151921857016,0.5999369616282368,0.039630254435669386,0.8232708673765929,0.9827907710112369,-0.28177514474076326
1997-11-01,-0.5351091047363183,0.5999831932115443,0.18026018306833916,1.4920687824244248,0.9065639998226328,0.027781365378046267,-0.6822210701520044,0.563956593154087,-0.3950221545491337
1997-12-01,0.72059539773425,0.23652113324116195,0.20826049533778354,1.20762576687488,0.6226569900010782,0.012329773566435026,-1.2100323803515523,0.8866335197833083,-0.5431143981446943
1998-01-01,-0.13133938507101803,0.24909277972466837,0.1161253070743261,1.459315634986421,1.1924091918773512,-0.002513361780067019,-1.1589498247523669,-5.951085564899372,-0.6215161741658745
1998-02-01,0.4714626318012799,-0.029586397593461357,0.05208875656127024,1.66371362079825,0.8239749624980308,-0.01360168025628658,-0.5252853283430771,1.8937044351371235,-0.5344030896978967
1998-03-01,0.9022922966456878,-0.15757691600381238,-0.0349959328855272,1.4538388595658207,0.6652511150382084,-0.017404533163293004,-0.8556633954884365,1.6950150629740928,-0.5518257065914925
1998-04-01,1.149259323546671,0.153203308590382,0.14730725181075913,1.573156290691309,0.3321011346678407,-0.009318466982074917,0.2894058915433168,0.6992379277154346,-0.5866709403786835
1998-05-01,0.12700303771516944,0.4711152977218669,0.3092439677427238,1.4538388595658207,0.4967203021272534,0.015532176014432051,-0.5084822728492333,-0.13786698930294497,-0.5779596319318859
1998-06-01,-0.7601115515463989,-0.801447713495438,0.07562410098771608,1.4043151921857016,0.6060078505476675,0.06068605053129249,-1.0646478700283166,-0.2808077600803489,-0.6912066417402564
1998-07-01,1.042319526945364,-0.5826868557969163,-0.05442926844673761,1.3821690411945775,0.030299108350497143,0.12537457998099166,0.3221681818015291,-0.19558153591425784,-0.7434744924210425
1998-08-01,-0.8704083611535018,1.8787384028094039,0.217560544459863,1.3376229944800582,0.30655953587164875,0.20591500154830455,-0.680515017878058,0.26762032280609327,-0.7260518755274473
1998-09-01,-2.713710369284087,-0.24694682380018537,0.030445558953044762,1.138633785530951,0.14035521698399872,0.29542214997003186,1.317449467892051,0.6084446329134886,-0.6476500995062678
1998-10-01,-0.31974580578557954,0.4957131391049329,0.038159090851333,0.9326188131337984,-0.0641041989559326,0.38260755661694706,-0.5071409833038307,0.45475597180530136,-0.7608971093146383
1998-11-01,2.603758511520562,-0.26980691703708454,0.13377764618101243,1.2418182696751288,0.3741243066147177,0.45586251261504684,-1.4158018441946982,0.9447050461811677,-0.4211560798895271
1998-12-01,1.1403437897102107,0.26389125787589046,0.26384511857564835,1.1154539982212932,-0.05425303521689283,0.5072610719055185,-1.6232204332724438,-0.606161672931384,-0.6215161741658745
1999-01-01,0.8709528834752429,0.24276966595053087,-0.09839048241657997,1.3096080401348587,0.09791490571057127,0.5381642555287638,1.1702502200096485,0.34312335014660034,-0.7086292586338515
1999-02-01,0.6862128422724397,0.41989144374775494,0.3251156681926333,1.540856371793728,0.3478697816889706,0.5550569284419907,-0.49997393609209073,1.0675231122801794,-0.6563614079530654
1999-03-01,-0.811074705337855,0.03598751432886564,-0.08285835112369501,1.4098386225860644,-0.30841231896829413,0.5673061178056049,2.3705644026257544,1.3871414902282224,-0.37759953765553783
1999-04-01,0.9065105967104073,0.03901397444896309,0.24650831638551324,1.3487914261806544,-0.7033202731732658,0.5857999919428304,1.9891112745676962,-0.01676814841637028,-0.3340429954215501
1999-05-01,0.9178553290539234,0.44411327494203356,0.051544415393558383,1.470253789608477,-0.03313065627130566,0.6206261185648863,0.23841567015361187,0.0019410076041186041,-0.29048645318756083
1999-06-01,-1.183196516726385,-0.2724610370130723,0.12305963566314854,1.4975098119862715,0.19764278032490357,0.6783494226901606,0.05049617651208321,-0.3176179652289995,-0.20337336871958303
1999-07-01,1.3498577727954975,0.39020888088136213,0.21008041621326676,1.4263776146178473,0.06152188895180094,0.7576088832782747,1.3481952786728106,0.5399072860443036,-0.14239420959199944
1999-08-01,-1.0335919816249233,0.21203310783852808,-0.03793582551041427,1.3432098822043743,0.3256955318516307,0.8525601158616083,0.6530827027015571,-0.02769820804194896,-0.1336829011452019
1999-09-01,-0.08535411733559639,-0.6021270335980743,0.026819337726310313,1.4920687824244248,-0.480022210717227,0.9535959130961477,1.3630907107971388,0.372793772131608,-0.20337336871958303
1999-10-01,-0.9845714063747604,1.035205527295746,0.2989412744699046,1.2701597716319375,0.6658552304167038,1.0477465450674763,-0.6906038200884979,0.6976026111838205,-0.1946620602727855
1999-11-01,1.103477692522895,0.29579302404563745,0.14301482886844952,1.4920687824244248,0.9007893757230527,1.1238036032075933,1.1419328236651067,1.411102431217663,-0.29048645318756083
1999-12-01,0.5894701435579306,0.5837298192434575,0.177700777586773,1.3932526224606714,1.0508861740153712,1.178484625007265,0.4821898425433959,1.0391953426263374,-0.3863108461023361
2000-01-01,0.7872948976403457,-0.33153829332453444,0.06114584780648073,1.7476791526226694,1.188770980048709,1.2235584394629226,0.4557706586039778,-0.5815956394099919,-0.37759953765553783
2000-02-01,-0.8732750390776374,0.12216792749720201,-0.09417012538920437,1.7110928021682017,0.3502467774084918,1.2734358575905984,0.8857831420304295,-0.09268543799454405,-0.5256917812510992
2000-03-01,-0.6325240786841266,0.1657434761899117,0.39413370192182867,1.4866226749061136,0.13767076963194275,1.3345216842862868,0.17617485660214152,-0.25661671866131186,-0.6128048657190769
2000-04-01,1.879756065869733,0.40689944250602844,0.1258366240314134,1.5999369883704941,0.39939614745637897,1.3931256490847688,-1.8553791716846084,0.8316599411763781,-1.004813745824975
2000-05-01,-0.7193094681862208,0.08027005447421123,0.050832311367352445,1.67954946167603,-0.2630866146686499,1.4278717156456104,1.3076177168254122,0.3728782584540322,-0.7608971093146383
2000-06-01,-0.4431941501533789,-0.1536473414770948,-0.29461826747397757,1.4483569392168676,0.3885144785693497,1.4220273311780018,1.1755078187524244,0.7921234333841854,-0.9089893529101998
2000-07-01,0.18842516145917823,-0.39055888907087155,-0.022423917114736538,1.5516428883257463,0.566897017632608,1.377754117334349,-0.8551667893579241,0.4136797909631159,-0.8654328106762111
2000-08-01,-0.6335348176748254,-0.46880526830026237,-0.23078749514900407,1.4975098119862715,0.46602396418241226,1.3048194015810377,0.5314206142473418,0.48854689720142913,-0.8828554275698064
2000-09-01,1.144655946792458,0.2723774694480946,-0.10330719919973463,1.470253789608477,-0.23351778116105323,1.2121098507113133,0.9458035731231904,-0.31922882197420943,-1.2400190738885135
2000-10-01,-1.4494162932891728,-0.5867713567468195,-0.2203920413264076,1.415356829883614,0.07037417735118875,1.1017870863775598,-0.3341379186626527,1.2291692275851058,-1.0048137458249744
2000-11-01,-0.3784458042042806,-0.16485521947960916,0.026441495541403126,1.5138025274066935,-0.19145862734066865,0.9729704479065808,0.42930282254307833,0.5747383384186383,-1.1180607556333446
2000-12-01,-1.9152687907236678,-0.5235784081545766,-0.031008676946369267,0.9922261116109901,-0.32591157158532946,0.8268608362163724,-2.3408805830524955,-0.7712689659365604,-1.161617297867334
2001-01-01,-0.7017399746065851,-0.6754907159099535,-0.2554529709417014,0.7685699026859879,0.3232558685593971,0.6733056388345567,0.42289681808120844,-0.25651154928462755,-0.9699685120377841
2001-02-01,1.4207157786130515,-0.8538319627126215,-0.12840614580750387,0.5102917474081038,-0.059224289569882224,0.5234332042679434,-0.03239318101953277,-2.097620792765865,-0.3340429954215493
2001-03-01,-2.4596738612021762,-0.4006371097368312,-0.2865521170116369,0.5679742972968491,0.0919413854742963,0.38292779686174677,-1.0552535165477461,-1.838418945126545,-0.43857869678312217
2001-04-01,-1.971113153513587,-0.5567423310790429,-0.6201294570318343,0.3668419730385492,-1.0554952544881575,0.24538461171996173,0.030691094924630936,0.09471890952274883,-0.03785850823042581
2001-05-01,2.1574195922820065,-0.6771564886811496,-0.30096746289169685,0.5997754865300783,-0.9241533596277457,0.10079614119254908,0.4870691689792666,-0.3511205830858246,0.4064182225562575
2001-06-01,-0.24220430044468044,-0.7284072621113318,-0.3816161106994343,0.637709555858593,-0.6193922868104325,-0.05632172891266473,-0.49273543233387407,-1.7975648211766346,0.6938914013005827
2001-07-01,-0.5776128409650425,-0.8427141087455806,-0.405169195259162,0.6250922454678842,-0.41909986438797847,-0.2178749264083732,-0.5602205716819383,-1.6882979461274565,0.6154896252794032
2001-08-01,-0.5261556797506237,-0.3092396876331667,-0.43400439910893884,0.5679742972968491,-0.5122814914956831,-0.3694686522907893,0.4136841859988173,-0.6096013889688946,0.5457991577050217
2001-09-01,-1.759038123636569,-0.7065310698449362,-0.5752184780804839,-0.08596234422556838,-0.6088293571867365,-0.4968682276785202,-0.7669312489764609,-1.1490482297805755,0.4499747647902468
2001-10-01,-2.132870906235271,-0.4706844390696601,-0.6452468701626789,-0.02210817027273631,-1.3234224754408948,-0.5930764032226963,-1.8971716209874943,-3.229840092646069,1.0074985053853007
2001-11-01,0.8471612286732036,-0.8063821936479786,-0.6422735134213856,0.061958163993931795,-0.505240212193108,-0.6559795933076238,-1.5158391348349716,-2.5670320875146713,1.0597663560660877
2001-12-01,0.8117065017250565,-0.2363490366944295,-0.44998665351949985,0.39318740732331603,-0.3365456125618118,-0.6882357919651481,-0.2558884912069574,-0.4443481248186124,1.5214657037463672
2002-01-01,0.3599705493649289,0.47752062487303687,-0.4015833610496963,0.6628626283464895,-0.3190678556315384,-0.699516254588252,0.16654348300458924,0.49260132875136714,1.7392484149163108
2002-02-01,-0.7917383064512815,-0.18147507728050097,-0.4004215984828123,0.5167291488136135,-0.3556738027558117,-0.7018219843508076,0.5969770980732009,-1.2510978915310438,1.6347127135547372
2002-03-01,0.057531759785562686,0.5360883431251143,-0.25702469624769486,0.8298677749528792,-0.4049765395133406,-0.7063693958269724,1.933933939754248,-0.7447298799055954,1.504043086852772
2002-04-01,0.15995694659089077,0.29936471711438917,-0.379510070574009,0.6628626283464895,-0.45906226884338047,-0.7210363990388352,0.839921206529879,-0.3421353402614868,1.5301770121931655
2002-05-01,-1.3722878402601715,0.21227427743950397,-0.21619990475403966,0.9025852739499575,0.04944265694638383,-0.7512190421112783,0.2963206769176998,0.19744550503722538,1.5911561713207492
2002-06-01,-1.1249586601793575,0.6374664231941787,-0.18459407989209536,0.6250922454678842,0.11152853079330062,-0.7999916313943833,-0.7365364542691162,0.37215128629601546,1.5563109375335578
2002-07-01,-1.782735283607261,-0.22567834573489798,-0.3571585768216762,0.3470045473094237,-0.9785710904985664,-0.8670979746923196,0.6112728098676661,0.23858293211993192,1.5998674797675467
2002-08-01,-2.2179592447892773,-0.305469828213637,-0.23991367854707574,0.31379157329099777,-0.4335357224296238,-0.949936120016077,0.586110398944523,-0.5843880186227283,1.5650222459803558
2002-09-01,-0.31027435522502333,-0.10732117639962598,-0.3427357393931672,0.21300316489317286,-0.366853212252399,-1.0433021633876458,0.4937961969646529,0.21313937851417872,1.173013365874458
2002-10-01,-0.9378857488856776,-0.4039154441942081,-0.08833818759389528,-0.17220288597072575,-0.07663528253702033,-1.1379331557261798,-0.3841722358484308,-0.6426450522557852,1.077188972959683
2002-11-01,1.2545848763785248,0.37171384127708657,-0.23991333551262295,0.08278687301588471,-0.03297486408056131,-1.222876880659497,-1.1794989212852836,0.1395469024500299,1.4169300023847944
2002-12-01,0.701691779464272,-0.7569580435086348,-0.4376511039504116,0.2535276595741687,-0.15212760387143992,-1.2877975842866707,1.3271521770615342,0.708470061298294,1.5127543952995692
2003-01-01,-0.772059259831848,0.6648042419832453,-0.09620177057352228,-0.043315354542308906,-0.9615751888211068,-1.3258261133567235,1.324316371718256,-0.171086165533865,1.504043086852772
2003-02-01,-1.4007532341849613,-0.07306911758519714,-0.4126490790236938,-0.22310479934140348,-1.0144310291728924,-1.3314703476713368,0.9875663987321903,0.6501805270851149,1.5214657037463672
2003-03-01,-0.8279054483630619,-0.4592343246474317,-0.5105766054868529,-0.3935506773067086,-0.1808971853792387,-1.3004310619440536,-0.8546381765177383,-0.5705880329148264,1.303682992576424
2003-04-01,0.5038802265658211,-0.7972073111599854,-0.32186034236206557,0.20622163736376592,0.2781378709931198,-1.23180357748331,-2.1275177511038663,-0.4692446241336659,1.5301770121931648
2003-05-01,1.357671292740014,-0.22070479708655713,-0.20687130097461562,0.6061149806704671,0.8084956860504748,-1.127133053470281,-0.09193238423075492,-1.212465191188729,1.5214657037463672
2003-06-01,1.0978775573882222,-0.06400049723238158,-0.2531355510843736,0.45203332227789783,0.11875073166115076,-0.9922478623603415,1.0179506955879,-0.808263698008284,1.181724674321256
2003-07-01,0.22310163746994136,0.325059242350026,-0.23991770739347207,0.5295826865704961,-0.28275892623328236,-0.8418150073653314,-0.028909910878016885,-0.7099365365928764,1.3646621517040083
2003-08-01,-0.18818486034292572,-0.41395748708916674,-0.2795782858117443,0.42595281503439053,-0.14378721420478793,-0.6934396959431575,0.27785649164759335,-1.5029767502704436,1.9221858922990631
2003-09-01,0.8213952075552793,0.4566610350991148,-0.10642949321255792,0.3204493079348031,-0.10986835596344666,-0.5629337901808547,-1.3811876132640852,0.37480585237865255,2.000587668320243
2003-10-01,-0.22222993559762177,-0.06867747481451969,0.00828318107230155,0.4455241149300233,0.48305075593414776,-0.45948818510418926,0.7987811806242743,0.1652417521385945,1.660846638895131
2003-11-01,0.7637416973721011,0.48252814522257076,-0.18451460494616242,0.7066212977486291,0.7403674442447177,-0.38730603392617025,0.2551245914771116,-0.20803249924621134,1.8699180416182768
2003-12-01,0.10171709242847116,-0.1632029828548025,-0.09621922417307141,0.637709555858593,-0.5371180078277641,-0.3453625678634294,0.3614491579398969,-0.255766794134785,1.8002275740438949
2004-01-01,0.6704050505407534,-0.03937991235269238,-0.01867103953209498,1.303988873805329,-0.9156188383152123,-0.32503531832471966,0.7288732567270335,-0.8041502710869112,1.8699180416182763
2004-02-01,0.41012596734610174,0.4149601239793613,-0.1543877320475762,0.7500542749397007,-0.3613778933378477,-0.31506784070530475,0.12033132392742883,0.7130450839036173,1.713114489575917
2004-03-01,0.27702595815481,-0.5984361226312639,0.18051554738746725,0.8359622964283152,0.20947647855262141,-0.3049322369573731,0.6399676826805859,0.40718814409670157,1.6085787882143445
2004-04-01,-0.6144591859716417,0.18172705630717564,0.11927063130935857,0.7376778041661207,0.15968185084396827,-0.2875111676402283,-0.0677616488122591,-0.10838321752935669,1.530177012193165
2004-05-01,-0.43682557733085203,0.5346140100163636,0.13420871576408527,0.48447089208381633,0.6100115113765533,-0.25825722127770556,1.0861375467966115,0.38606499919387904,1.7479597233631083
2004-06-01,-0.06142919421603536,-0.9850755879008348,-0.11189548931211334,0.8237668817862935,-0.18344950942358612,-0.21482463807664778,-0.744142028959317,0.6616022844022944,1.6521353304483335
2004-07-01,0.020349444318352738,0.5594992379486304,-0.1615762861912384,0.8905284436643909,0.4298800342812197,-0.1576137183430461,0.7774745169462154,0.9169060277281843,1.3733734601508063
2004-08-01,-0.5955073898578988,-0.12528597094764454,-0.12508748133322195,0.8420504595077399,0.030076253615055944,-0.08829771735599068,1.1587591978081524,0.5740468914159547,1.2514151418956379
2004-09-01,-0.15217860848551007,-0.0647012006850413,-0.04176463900682739,0.7376778041661207,-0.12794127616998283,-0.009374509024921407,0.22455822156172447,-0.9906583330690028,1.0597663560660873
2004-10-01,0.38727182257787884,0.6658059049650848,0.20377780611305138,0.5807155769924727,-0.2716136267895291,0.0754971618533157,1.7140684526537113,0.6904437515832434,0.9378080378109193
2004-11-01,-0.15753535460467213,0.05765490649939165,-0.143763740487111,0.6502996444150182,-0.8999600327831297,0.16172184776584322,-1.1591558573098533,0.9009501208576027,0.737447943534572
2004-12-01,1.065313748577098,0.6092801445209867,-0.07633335601423126,0.9146172447740029,5.661700235072717,0.24378341049595184,-1.4000998966961506,-0.4161614331137313,0.7461592519813691
2005-01-01,0.06782908002992478,0.16985513049089873,-0.04149057651118265,0.8176596035916762,-5.950815793110758,0.31511692502525335,0.8988798947624707,1.7370819486454958,0.4499747647902468
2005-02-01,-0.38051108873503026,0.5381623769951713,0.08768735208257783,0.7314797114089135,-0.47381587755570354,0.36987800688612765,0.24409368183619795,0.9829968330205958,0.24090336206710106
2005-03-01,0.2640036896439795,-0.32983913813560856,-0.08473245941926853,0.637709555858593,0.22529028133406098,0.40574491430378534,1.459013572905915,-0.01907973266377871,0.2234807451735052
2005-04-01,-0.8591593345889854,0.02427359912512551,0.23505950000314305,0.3204493079348031,0.08359103819802789,0.4276813710726161,-0.33130366918903087,-0.2737618744918187,0.17121289449271915
2005-05-01,-0.34885669554028476,-0.10215748477494623,-0.019632506863240896,0.2669735267725188,0.4181911872212745,0.44385350343502955,-0.8009110090700884,-0.7219323197791097,-0.046569816677224124
2005-06-01,0.6408646127633734,0.2605931212854106,0.09318186047356683,0.8481322774447089,0.09174623525148361,0.4615467769602615,1.4255079050492823,-0.1107004700581356,-0.22950729405997644
2005-07-01,-0.2873351938861859,-0.5137807447087805,0.2143142235975467,0.8784466509794691,0.096240430026933,0.4847641947082911,0.46961950152654885,-1.1494890689109896,-0.3253316869747518
2005-08-01,0.6350332510919487,0.1358539635005047,0.021320681403770112,0.4128687203549636,-0.40422488392155687,0.5158274984539305,1.1846821163578,0.045632027609252335,-0.37759953765553783
2005-09-01,-0.3943896300585281,-2.1711543777749345,-0.17335828396832234,-0.4464293905593091,-0.843804723961677,0.5572185500943972,0.0666831247060526,0.23396956390056603,-0.490846547463909
2005-10-01,-0.04170439920364021,1.026656522533542,-0.12480910149526521,-0.6550003697926161,0.8343075044056437,0.6126201124448709,-0.6507605156277728,0.6781849428117387,-0.5431143981446951
2005-11-01,-0.5895412891378862,0.9369940269545799,0.21580026384789808,-0.1002475503368869,0.7401630437689687,0.6842738672189722,-0.8621227649407546,0.1365893776163769,-0.5692483234850877
2005-12-01,1.0138690169988247,0.3277444289173441,-0.036036245548567984,0.5679742972968491,0.31112058684896043,0.7687372317850957,0.18787201658117678,0.7520413633725032,-0.6650727163998638
2006-01-01,-0.06266988237154618,-0.0337205815628933,0.10228666033450844,0.5488100640389071,1.105400364326001,0.8520797554944031,1.1352316363264883,0.37116204655498586,-0.8131649599954244
2006-02-01,0.10817874263925098,-0.1505086479468375,0.1485290436522598,0.2535276595741687,0.7561059600425885,0.9171685852500934,-0.784253715538005,-0.7701891198502238,-0.8305875768890194
2006-03-01,0.019048600402600566,0.03457828957881468,0.14766011406454416,0.3997552231908621,0.3497396879830457,0.9515143515049439,0.20241242943707932,0.8859449498892191,-0.9351232782505932
2006-04-01,-0.021039670468968347,0.11343766149867124,-0.02115452828703695,0.3004532731242714,-0.21811367978472634,0.9564780752993564,1.1970957648495937,0.0184805961480157,-0.7870310346550317
2006-05-01,-0.007387623330337714,-0.16743241472948509,-0.18680443901883287,-0.28182734551367683,-0.633913994569523,0.9404660630593257,0.17067753172388603,0.47795708124312836,-0.6563614079530654
2006-06-01,-0.48239210667323434,0.12651383728563803,-0.130010812662895,0.1311000129390661,-0.2480458011100498,0.9156474440872976,-0.041257831440731765,0.38017998535107034,-0.75218580086784
2006-07-01,-0.2361509190787948,-0.24496701694056258,0.0061004794475647516,0.11733702594071052,-0.6326216551040736,0.8947517681140686,0.5304062660304318,-0.3433405477677817,-0.9002780444634014
2006-08-01,-0.3041598951648785,0.2496341645813242,-0.03201021227422231,-0.07171202265717626,-0.6243733368399363,0.8885070833404574,-0.2681215308429824,0.6988145673945596,-0.9089893529101998
2006-09-01,0.5749328633931524,-0.36126126230204786,-0.06746883726597906,0.16536613478216347,0.6360032326392981,0.9017169934384821,-1.6714542362024238,0.28046224725434277,-1.0309476711653678
2006-10-01,0.21517584493870365,-0.3091422605483501,-0.21721693913080656,0.7003901131925335,0.6847345195914282,0.9293377145525161,-1.0300892168389797,-0.6533310123777346,-1.0483702880589636
2006-11-01,0.4827944246784255,-0.23563348821929553,0.03155560555499953,0.6061149806704671,0.48503196409400523,0.9628828801953617,0.05571944605662996,0.5047150928369842,-1.1354833725269406
2006-12-01,0.34214966737547975,0.8322710437786375,-0.0027174519127886325,0.5807155769924727,0.4285472452532164,0.9956274452262138,0.48625342941682576,-0.5374861616108424,-1.1877512232077274
2007-01-01,0.1868944082397877,-0.5357612579591419,0.04077751194240128,0.9025852739499575,-0.6291928355501433,1.0281318300734577,-1.5968285486475269,-0.6577859215175331,-1.0832155218461545
2007-02-01,0.3327780982877192,0.7550987335848313,-0.1309765219798465,0.5552051373170849,0.2637212679771242,1.0646392179807034,0.9540929519158539,0.08202602018016539,-1.0222363627185702
2007-03-01,-0.8261944209137644,-0.013295536269043829,0.04139942360817337,0.3668419730385492,0.3278274944345467,1.1092326720691672,0.21819236797616512,-0.6865825436696898,-1.1441946809737389
2007-04-01,0.2094163358002591,0.4843205455205872,-0.15992919762810007,0.2803884839040779,0.10583467861757319,1.162552672828437,0.6189031578918494,0.11417970868442615,-1.0396589796121654
2007-05-01,0.835903013781161,-0.09647520625005886,-0.05393299261496954,0.36023698785993336,-0.2553151308982104,1.2231581391569315,-0.14163466510870582,-0.16611928261068373,-1.0222363627185702
2007-06-01,0.622102470526191,-0.13480200272849474,-0.14384593057151823,0.1585289883851244,-0.4450865223517338,1.2880868487902162,0.6993596349098935,-0.062427080060651285,-0.8305875768890202
2007-07-01,-0.3913309926825719,-0.3144787353786727,-0.2697578370453197,0.4973956012041404,-0.33567884618082144,1.3535759788519088,1.102036399815505,-0.5318251097176978,-0.7783197262082334
2007-08-01,-0.9615672329989706,0.0014077620911089421,-0.2772445511050942,0.027077583260984008,-0.5794924420421659,1.4144216253640003,-0.34056299621512076,0.37002337230828447,-0.8567215022294136
2007-09-01,0.2290694095334686,0.03134410895311272,-0.12890607663372466,0.027077583260984008,-0.25943628677102365,1.4645392236752617,1.1555754971976246,0.39114425621158333,-0.6563614079530654
2007-10-01,0.7332038980277762,-0.4786558498192673,-0.14392000807642208,-0.15052297082137733,-0.6253166557579594,1.4968834884001114,0.8701298716513711,-0.004151481049474702,-0.4124447714427295
2007-11-01,-0.7170484426902552,0.3448332629608427,-0.09667967725619318,-0.5074548228615798,-0.4868026580278282,1.5061704554993256,1.0842946280682166,-0.20208054968085834,-0.3950221545491333
2007-12-01,-0.6918455641324532,-0.15786307818653858,-0.10923047304280002,-0.5536463868600677,0.16588065807778593,1.4921599447893072,-0.420427480778912,0.17782242752749522,-0.15981682648559453
2008-01-01,-0.5343877495358887,-0.3270277338089244,-0.2435696498019297,-0.33369883178778875,-0.32608700243833677,1.4659002447156633,0.11537457652046652,0.6729690441263673,-0.15981682648559453
2008-02-01,-0.9725844061634616,-0.5904401237566829,-0.3181961139950062,-0.9287155469560823,-0.24183814845764884,1.438599763846429,0.26413362735840923,-0.8289416853397544,0.49353130702423526
2008-03-01,-1.215774408659749,-0.5015491400453278,-0.3257008188476866,-1.0368605510071875,-0.34550836958021386,1.413220724445993,1.1875806654222552,-1.7797483806235965,0.7635818688749648
2008-04-01,0.5221605492388566,-0.8475826391300817,-0.5113950505666673,-1.6470294307300475,-1.3591220684624756,1.3746317749475434,0.734177217857494,-1.0389164418415564,0.8942514955769304
2008-05-01,0.508930368755422,-0.8074685924702883,-0.47187676113449795,-1.9140598496829146,-1.0396127405535875,1.2985747168074377,1.2618179611607814,-1.351171780952918,0.7984271026621556
2008-06-01,-0.5259795330543575,-0.4292578763814706,-0.42969755134608484,-2.2556498311482316,-1.2256796676862696,1.1601508709924335,0.7534699434627677,-0.23581073561336086,0.7722931773217625
2008-07-01,-1.8691857055457386,-0.5551067716890549,-0.48872244389566094,-1.7790173722326648,-1.0285994212803589,0.9463104475269345,-0.08907274889188437,0.12839742811963684,0.6154896252794032
2008-08-01,-0.5808759656328685,-1.7930755952546362,-0.5981638857994903,-1.609860491168886,0.39501445976439276,0.6536108637793239,-1.6777839840676347,-1.0312734343841177,0.693891401300583
2008-09-01,0.17473201262837146,-4.747728163312474,-0.8026371083884163,-0.9700729403506573,-0.41905142588681077,0.2910989066652188,-1.4426506324017787,-1.9599212841015636,0.6067783168326056
2008-10-01,-2.330946646612636,0.8070524161522366,-0.8297422435844315,-2.1327925821437153,0.604459895735104,-0.11085063659606462,-3.7293639360175708,-1.5942023697306094,0.9813645800449078
2008-11-01,-4.349453707872357,-1.5366936174835835,-1.188166539519737,-2.370587372378937,0.47522035497034315,-0.5145775132159858,-3.5395371729525142,-0.805198478540261,1.5040430868527717
2008-12-01,-4.0095022694285625,-3.0851939320673654,-1.1245096761454874,-1.8848579349542522,-2.230405289181354,-0.8859601251110688,-4.123077114555568,-2.635421020160054,0.8594062617897399
2009-01-01,2.900640620263107,-2.74699117382877,-1.2227616124623601,-1.7790173722326648,-3.285540124772105,-1.2046071746936349,0.1661050914564084,-1.5307164691651436,0.9900758884917057
2009-02-01,-2.9176153821138167,-0.8102964859247411,-1.2180958796537174,-2.2660056524681713,-2.9708718132606635,-1.4582694726000696,-0.8175665411439416,-2.9176924967341376,1.1555907489808626
2009-03-01,-3.891664331661415,-1.788554096495269,-1.3068081333809116,-2.163265255996748,-1.4265165685588002,-1.6411907004300896,2.415934247476056,-2.9136810279803376,1.146879440534065
2009-04-01,3.2141862452027152,-1.0348478943192099,-1.1123250212206353,-1.4185153560639738,-0.5337778647076334,-1.7571897231029239,0.40389112412013,-2.420590283285225,1.0249211222788968
2009-05-01,1.668545192733119,-1.2194476390293243,-0.7000347037887814,-1.1044214073269292,-0.5178438304171147,-1.8123751232881682,2.04408502034127,-3.1557496738856834,1.5650222459803558
2009-06-01,1.5101703483350346,-0.5748965378685039,-0.8430805814028909,-0.9287155469560823,-1.6610964482565844,-1.8128634896614846,1.9379244926321002,-3.372212907198836,2.00929897676704
2009-07-01,-0.6178240604316536,0.9419933596633291,-0.6923691949400037,-1.3383927639782478,-1.181101404457116,-1.7669170205387417,-1.0576680646241303,-3.187153703739706,1.8176501909374898
2009-08-01,1.7525468800744182,0.9096714735924092,-0.4890119055571905,-1.3649782486047801,-0.7918613008411053,-1.6826217821011464,1.2058850345522603,-3.959194299528223,1.9657424345330516
2009-09-01,-0.24270852777179833,0.694160019816997,-0.5356132257854536,-0.7103136159909256,-0.504988529394234,-1.568952507209224,-0.3205409861994293,-2.0053458600160474,1.7653823402567035
2009-10-01,0.5822341003354796,0.07903651466073984,-0.4831947682791698,-0.9452233480135871,-0.41459965232983603,-1.439759586450599,1.016608588966882,-0.21437454195884884,1.6695579473419286
2009-11-01,0.1509453471829371,0.24453701856322965,-0.24388832290369342,-1.215903929619663,0.08286187911731689,-1.3082128998927056,0.3111246863640139,-0.2123949417956508,1.8699180416182768
2009-12-01,1.2697237027122417,0.21634194652267671,-0.5696984511759897,-0.7902532740562849,0.004810054439298565,-1.1824705677718084,-0.6457831379246977,-1.9950596945694739,1.8263614993842874
2010-01-01,0.35614933828585577,0.902933472749332,-0.246550151808414,-0.6392924093461567,-0.7703258273807999,-1.0615958873718758,0.5781386750726542,-0.7985321253112785,2.1573912203626016
2010-02-01,-1.041616264528904,0.18561408534272944,-0.36724135062267954,-0.7023795511625679,-0.5313653257635972,-0.9406251348985065,-0.3266872086362763,-0.13651905853433624,2.113834678128613
2010-03-01,0.4143622290239891,0.49777187199209716,-0.026448587599992135,-0.7023795511625679,0.24840662284046935,-0.8154192051876497,0.6962321966741128,-0.15810734975051793,2.0615668274478267
2010-04-01,1.1106616249262593,0.14927765028798393,0.09897421226732328,-0.8144502836350662,1.3576290521649619,-0.6877234075734754,0.4290531504049988,-0.3736521095170965,2.2183703794901857
2010-05-01,0.3281939453276507,1.1635751117948112,0.45168877815946556,-0.7023795511625679,1.1702137224680307,-0.5628617361257744,-1.6753288662678234,-0.9784736028754237,2.0615668274478267
2010-06-01,-2.7955725775647653,-0.0063306402854449795,-0.41519288138086674,-0.5151280702292644,-0.2105624775930531,-0.4476473020526887,0.20054616905216338,0.8815424113110333,1.756671031809906
2010-07-01,-1.0852635321784767,0.19005282572495577,-0.3625855957423422,-1.1813742206916427,0.019588885580400388,-0.34836482015843084,0.11820659374138827,1.0431171351432145,1.495331778405974
2010-08-01,1.9624305167884966,0.17671585856602015,-0.23727634597990335,-1.0874577215951458,-0.1120990765260443,-0.271138885124808,0.026495505711907407,0.9652965019581528,1.5563109375335582
2010-09-01,-1.0852136031206343,0.10447425315047384,-0.3362669368511763,-1.1470476288733356,-0.22302122067552152,-0.2213575390705799,-0.28515187060054675,1.4105399942388988,1.2252812165552445
2010-10-01,1.2218091132449729,-0.48003393387078586,0.12936136998080505,-1.1899875119709884,-0.1171738288652999,-0.20164675200311327,0.9714856104901136,0.8375315442190159,1.181724674321256
2010-11-01,0.6135625305032669,-0.10524486883104167,-0.07004685990812952,-0.863147398908598,-0.0904752598047302,-0.21195848788568417,0.28218850501692383,-0.636673088072607,1.3211056094700193
2010-12-01,0.2786269969264584,0.7914323311918392,-0.1320211701379134,-0.6314542566804077,0.7998441424702577,-0.24768929319929262,0.6409984505572818,0.6405516213245431,1.538888320639963
2011-01-01,1.081051061393122,-0.4062934481603375,-0.22938879569280476,-0.6550003697926161,2.2039567577295083,-0.2958053899805645,0.006915038277215112,-0.36980813756315284,1.8699180416182763
2011-02-01,0.4978763625710293,-0.5954021485054063,0.04920509797350276,-0.401075505921682,0.3504038779104719,-0.341711829072706,-0.023016987839442633,-0.733263556318189,1.9918763598734446
2011-03-01,-0.15957093592426527,0.8532247470876707,0.05790042271353895,-1.2072523286542005,-0.7808768178864639,-0.3753610727951106,1.6392832856019024,0.7648750165648261,1.9483198176394563
2011-04-01,0.3159794427080344,-0.520254903704635,0.1738118496428198,-1.0117255353393155,-0.5974734139355543,-0.39759375179038486,0.7632727939975119,0.4287780746089223,1.9744537429798492
2011-05-01,0.3532397255801711,-0.07125607590426226,-0.09873274094906619,-0.6471411042513566,-0.4426972521583378,-0.4126210252776487,-1.0435731188688793,0.7239634268346273,1.8873406585118717
2011-06-01,-0.9377040862790575,0.11224829764678844,0.05774723179987678,-0.8713032406028168,0.5776759197351115,-0.4215317100892167,-0.6626822180867815,-0.033522399628094425,1.617290096661142
2011-07-01,0.2967401668157406,0.30381883064764653,-0.15774498248964436,-1.5453791303081408,0.5829752739365109,-0.41635182412957494,0.06802415393730825,-0.36879013434928926,1.8263614993842878
2011-08-01,-1.0585671732188284,0.4871640547503286,-0.06658816301315235,-2.3180622312419397,-0.41591744488523424,-0.38620921108773326,-1.4800152182770308,-0.02553911381828501,1.4169300023847944
2011-09-01,-1.6575589233746515,-0.27678280025781626,0.04640183710696488,-1.9434086313228705,-0.5953988633042735,-0.3244508798779667,-0.1461242643829858,-1.692236425365972,0.9813645800449078
2011-10-01,-2.233746054785356,0.50617133710667,0.03294878730721603,-1.8172831079219105,-0.3634572532586959,-0.2378338996655593,0.06799940396230855,0.7603327732507454,0.6590461675133921
2011-11-01,2.2212901819714257,-0.20187996964645613,-0.060829906000474596,-1.5453791303081408,-0.5651910629090167,-0.13941606643226406,1.3819425625451343,0.4451729077843091,0.8332723364493465
2011-12-01,0.35246147021177804,0.34195679496282655,0.017997305852655063,-1.003371197788833,1.255491480105177,-0.04352012512676505,0.12362553049609563,0.33027936690931353,0.9290967293641214
2012-01-01,0.45348956124106365,0.4081102129808769,0.22308477051808426,-0.5924206410265942,0.7273588790220729,0.03842935351766197,0.1588394549953259,0.27977513000961823,0.8071384111089535
2012-02-01,0.6921036264068903,0.1314776149230785,0.10073119321296507,-0.5691251858091376,0.6427509262424104,0.09743361862214651,0.19582369454822068,1.0868305461024121,0.7113140181941785
2012-03-01,0.7127800411546322,-0.7179863115985453,0.07047339382807265,-0.4997916519870985,0.06745808248210414,0.1278564418781865,0.4133305392300139,0.04957079651733351,0.8071384111089532
2012-04-01,0.6009014895229164,0.5315816049486558,-0.1395536390859896,-0.4844954341009699,0.2581190047492008,0.1291374028573967,-0.37539900659021813,0.25478525520742346,0.9726532715981102
2012-05-01,-0.3521552371115051,0.040081885585033054,-0.09977547652929972,-0.26709121702036615,-0.503890843503855,0.10335806315095808,-1.101140728981564,0.6202223983387268,0.754870560428167
2012-06-01,-2.323138770249297,-0.18753467458658057,-0.13712219011271393,-0.7341807403957971,-0.5886201521615368,0.055161906308494775,-1.7285434743710582,0.3763247331430311,0.3280164465350782
2012-07-01,1.3808864083518202,0.018873377705890947,-0.052502282467860345,-0.8063734605016502,-1.5795797082538787,-0.007356995482675318,0.7407005575814154,1.2145367186244584,0.4151295310030556
2012-08-01,0.023743390230014223,-0.6266968546228848,-0.006581775743414444,-0.6471411042513566,-0.648568515609066,-0.07442330875001028,0.784553610938674,0.5608828771070526,0.40641822255625787
2012-09-01,0.3543184961247678,-0.2673331343903657,-0.009452704854735724,-0.34114682741571967,0.9498125951026049,-0.13590943575170106,0.02715731948060624,0.2824118007564042,0.4412634563434488
2012-10-01,0.4993497130936143,0.15750843235282622,-0.04553330482178085,-0.02916867177811652,1.0428799125107122,-0.18222418115596753,-0.7218772959443833,-0.5530958943019785,0.4761086901306396
2012-11-01,-0.40740868160277666,0.17701948446512875,-0.0380913596614798,-0.02210817027273631,2.1078454954121875,-0.20621017549151188,-0.444759189641819,0.19197010114290808,0.563221774598617
2012-12-01,-0.43063245033027864,0.04616834889429161,0.07892342209197357,-0.7581458820136404,4.204257774027472,-0.20622618750375699,0.17556735571008625,-0.08031329273420987,0.45868607323704413
2013-01-01,0.7086438687854437,-0.16834256825418073,-0.005611259685339977,-0.6865437102847877,-10.40288568315147,-0.19089468578393853,0.8085418658231925,1.7200030783455573,0.6851800928537853
2013-02-01,0.645064530663286,0.27863819887052005,0.12743077764601327,-0.3935506773067086,-0.722578224178428,-0.17155217499798417,0.03565553348201492,0.09266236886914307,0.8419836448961444
2013-03-01,-0.061333010119047536,0.21337221101688325,-0.055874079999628005,-0.3188312981854931,0.11798735868157492,-0.15590843903948856,-0.3366414203974261,-0.16095375286601893,0.6764687844069875
2013-04-01,0.5174419923008369,-0.28041473925676813,-0.005400018223599945,-0.4844954341009699,0.5266706553056723,-0.1421220965008221,-0.1729286737044229,0.5403816005793017,0.693891401300583
2013-05-01,0.16203401569730624,-0.11419393432846683,0.04233999676706932,0.10354150229979299,0.31094187841609194,-0.12435676892052136,0.3092885136043178,-0.5637737236118332,0.5457991577050213
2013-06-01,0.6841942106461957,0.01644678551427311,-0.006095220694944914,0.07585222718219593,-0.4421677670800265,-0.09829721899988442,0.08243832835746626,0.06619705527214542,0.9290967293641214
2013-07-01,-0.4962603460927395,-0.5072377171695323,-0.09722737466522934,0.14483061640868547,-0.7661443718203034,-0.06704177110736065,1.021034900030619,0.4485948248259463,1.2427038334488398
2013-08-01,1.1322029234917952,0.3898004028343819,0.08283732548083664,-0.0645998904150683,-0.10077193585580063,-0.03811607099576012,0.18019009732108307,0.917237816638379,1.4691978530655811
2013-09-01,-1.0574039336683487,0.3196560144457837,-0.018351349230903063,-0.401075505921682,0.38868909536256196,-0.021079289972372715,-0.07654130319428958,0.7996913481369162,1.5650222459803558
2013-10-01,0.6224143971511207,-0.27290220933323067,0.037883623006272404,-0.7341807403957971,-1.0125937238676925,-0.024906160897746794,-0.7183743068748077,1.2346143133069576,1.4256413108315922
2013-11-01,0.7471000823609515,0.042792718567164316,0.10637999731495576,-0.5846451518251513,0.1286303436379082,-0.05426418533982863,-0.8774954757494828,0.995332163291333,1.4169300023847944
2013-12-01,0.36813408104653905,0.009960592486458223,-0.16717821561319654,-0.036237726285601644,-0.014423102499238005,-0.10442981968781408,0.4323653541688775,0.5004752305346908,1.530177012193165
2014-01-01,0.2550359605635407,-0.5534616362135043,-0.0032528101079455445,-0.128923302302799,0.5309731591994477,-0.1544913759562405,-0.42401990402255024,0.2074405250533684,1.695691872682322
2014-02-01,-1.2941574787362708,0.568055508459237,-0.049803120786484495,-0.1002475503368869,0.5706292685353401,-0.17895773065900145,0.724148889982243,0.4050375083294688,1.3733734601508059
2014-03-01,1.1907652443610552,0.781400138398286,0.10220655010899783,-0.21580585682346262,0.45084305777945605,-0.15943908773840784,-0.047075748069535926,-0.2119367506941957,1.3559508432572103
2014-04-01,0.3517890582462638,-0.09533462217178248,0.15006794274296725,0.07585222718219593,0.013779020240859162,-0.09804102680404238,0.10699517445442398,0.3019724513077405,1.495331778405974
2014-05-01,-0.15985227899812965,0.19353849374922458,0.02872340046612006,-0.07883283352528364,-0.08911879273730884,-0.00744506155000064,-0.03162485897090242,0.4024424907376032,1.3995073854911988
2014-06-01,0.3599158925484638,0.15329739909901072,0.17957775571199988,-0.036237726285601644,0.18917329410491387,0.09591247745935078,0.3759103938748193,-0.055930534184700814,1.3211056094700193
2014-07-01,0.43157391926271965,0.031208498262463313,0.038798160928407786,-0.08596234422556838,0.01446354179954072,0.1963878542654935,-0.29924116771249876,0.686301193849133,1.3472395348104127
2014-08-01,-0.7043427634888075,-0.3841998363864487,0.0037576480289994007,-0.036237726285601644,0.43006404225157585,0.28173187950481327,-0.8984764121633556,0.35547848241230534,1.2775490672360308
2014-09-01,0.7636200576316738,0.09698170727983002,0.12429563171701723,0.11044334081258603,0.17631132281732317,0.34585998852609307,-0.4698874431123993,-0.2090114932010944,1.2165699081084465
2014-10-01,-0.789554268852753,-0.18105938806482694,0.049690202606847984,0.2669735267725188,0.4871403282956468,0.3927751843893689,-1.247398055357766,0.4378374373107618,1.2165699081084465
2014-11-01,0.6918672377068482,0.42899827386899114,0.12169808234176559,0.39318740732331603,0.6110374906699817,0.4300031128474168,-1.3481032552244183,0.35490495755146395,1.1468794405340645
2014-12-01,0.26404753329400454,-0.201119298257784,0.09765311664122818,0.7003901131925335,0.678265562259131,0.46362833855146524,-3.0188606390027712,-0.12285874894017064,1.0162098138320992
2015-01-01,-0.08434598565765346,-0.989765884049496,0.01132410037316901,0.9744077656071908,0.9361716376426004,0.4938109816239083,-2.8019968920326934,0.49509117596928925,0.8245610280025489
2015-02-01,-0.5575395742696818,-0.8408031922129043,0.07818243684145074,0.8115459269902411,0.20965088789258882,0.5171885194943434,0.7879973726871757,0.9614430091182519,0.5109539239178306
2015-03-01,0.9329812583001758,-0.5320209777973282,-0.12132793419905176,0.6628626283464895,-0.9383945116124685,0.529117468613158,-0.7243914703128886,0.6251277617582395,0.8158497195557513
2015-04-01,-0.7712123762931549,-0.7462527729770759,0.09444870879248879,0.8420504595077399,0.07070170153491533,0.5269558469607515,1.528137503311422,0.8799513506109953,0.5893556999390102
2015-05-01,0.3975033506388174,-0.6403016758128148,0.17771734672632328,0.5167291488136135,-0.044115179846280696,0.5087021530071228,0.9828040726907008,0.08313541156450042,0.8245610280025489
2015-06-01,-0.10005996674414933,-0.511612236286373,-0.030816331508122352,0.8542077634513965,-0.29779980570702724,0.4738760263850785,0.06721767172240228,0.9933033572666792,0.8768288786833353
2015-07-01,-0.5132039363842019,0.4600309625777357,0.10351103264619065,0.6691339924990505,-0.1135174178450834,0.4242387884410108,-2.000733978905519,0.22116677929156978,1.0684776645128855
2015-08-01,0.08910095791948958,-0.37918221811467245,-0.0762724890067145,0.5934290978868189,-0.060569592593842585,0.36299284162291695,-2.1244558950362453,0.20253920006030238,0.789715794215358
2015-09-01,-2.24518003646751,-0.4757142686781566,-0.05707204076460432,0.2870844155421509,0.04409942573232392,0.29438136917443,0.6712430741583146,0.8112134180254698,0.7461592519813691
2015-10-01,-0.01827236738279249,-0.6832118081547827,0.1287061750217786,0.47151749324157727,0.039222838525003044,0.22488923605272387,0.15083943628402954,0.6380498320041138,0.7113140181941782
2015-11-01,1.9166965277787127,-0.939747434080742,0.03757210471222429,0.5552051373170849,-0.4939665699976009,0.16068106697024134,-1.078216330825952,-0.5101440483876271,0.789715794215358
2015-12-01,-0.15294285548355724,-0.690176821544006,0.08524597229753622,0.637709555858593,0.22937644896499584,0.10559974486455599,-1.6442839671219636,0.2938025525163031,0.624200933726201
2016-01-01,-1.1405877344285753,0.3353113648683167,-0.07870561827222852,0.5997754865300783,-0.18827097775802887,0.05844436881769457,-1.9871330210709468,0.13558348214812177,0.6154896252794037
2016-02-01,-0.9882128624541264,-0.7187031053565026,-0.002038611777182714,0.5807155769924727,-0.4775197261874073,0.016492896748831157,-0.5761909776639591,-0.611984745070419,0.5022426154710328
2016-03-01,0.31889664107008964,-0.946121564185767,0.06712558775797656,0.5359988541023226,-0.41476990402871466,-0.02195194463945788,2.5460020216529644,0.3411978851038278,0.19734681983311217
2016-04-01,0.9320993799171278,0.14825742133140846,-0.007567254281863211,0.4063156553403055,-0.6821504998728054,-0.05524892409258402,0.9460035288495221,0.13181753986355835,0.21476943672670765
2016-05-01,-0.04193130699615245,-0.42267406652571254,-0.18477364403808266,0.7685699026859879,-0.5159731997885858,-0.08049186138898229,1.6088567267492395,-0.3542553672015834,0.35415037187547127
2016-06-01,0.0589658262407478,0.2833480723577501,0.05533505969668965,0.6941522678285855,-0.15091010443137376,-0.09608756131076533,0.47562911090729343,-1.0302152966329798,0.19734681983311236
2016-07-01,-0.09793702095286841,-0.07468869868586141,0.20731507072022975,0.47151749324157727,0.36592087381196275,-0.10481410798157145,-1.1113433342296766,-0.7875200215455338,0.07538850157794402
2016-08-01,0.5913631899254413,-0.34561577876985516,-0.06959495269540544,0.4585352770255576,-0.2675592596075454,-0.11125894290817825,-0.02569636543724364,-0.4590069391273754,0.07538850157794402
2016-09-01,-0.13724549837519245,-0.2998622179842653,0.12383891727163097,0.5488100640389071,0.10054837694547024,-0.11976132140763254,0.07929372893201843,-0.003770476448024356,0.040543267790753165
2016-10-01,-0.239756564226656,-0.1773580916975687,-0.12111700229238107,0.2870844155421509,-0.18625372875292492,-0.13253890717517594,1.1298427115120668,-0.5421772447749132,0.06667719313114619
2016-11-01,-0.6687270468959893,-0.615791336231584,-0.09986053071912948,0.7128458357066075,0.19695549270843055,-0.15013610862695997,-1.091170135304817,0.6548900626331912,0.22348074517350558
2016-12-01,0.7087779705439281,0.4956722409888819,0.02788888673454413,0.9803532615696015,0.19482905491389982,-0.17163223505918693,1.5233538688529886,-0.033002234329826984,0.6154896252794037
2017-01-01,0.5509122758345409,-0.4592560136015036,0.02156859518067955,0.9981534902641529,0.11422839933946799,-0.1943853044522564,0.07823813450904682,-0.22439654461945538,0.5545104661518192
2017-02-01,0.08215165585961881,-0.599858027766707,0.021175861637881134,0.8663397923166551,0.18368060629114427,-0.2147605900276901,0.17709729554576778,-0.6567658845400886,0.6329122421729987
2017-03-01,1.0050062979245122,0.47187649105327334,-0.09588838480983926,0.9025852739499575,0.2499963146210667,-0.228578956590824,-1.0208834092913615,-0.5660336550792311,0.5370878492582237
2017-04-01,-0.49561566081202246,0.8316835554632681,0.002911493295118942,0.9086043603859375,0.0825969883212359,-0.23180537705718868,0.3728694500400306,-0.7915718444982173,0.35415037187547144
2017-05-01,0.147537819041902,-0.07351258527329924,0.0037486369968309802,0.9146172447740029,0.7746072624228273,-0.22052491443409614,-0.6727609815093197,-0.08147814619718674,0.2757485958542918
2017-06-01,0.25987048722274725,0.014950051489632443,-0.00011405828797972223,0.7870269674633817,-0.2728317093769106,-0.1916152263347407,-0.8986394712650588,0.32148211800409426,0.11023373536513498
2017-07-01,-0.14737033457384777,-0.4355338134258058,-0.016857780916669785,0.6879077474014448,0.16024522311964604,-0.14450788632459183,0.3379897296813623,0.06824553677124222,0.1625015860459214
2017-08-01,0.305296648409635,-0.6124304459937975,-0.06633022605117664,0.8965599726585277,-0.12576180239912627,-0.08038778330942323,0.31618880943160166,0.44874037392149385,0.10152242691833704
2017-09-01,-0.13560431416986798,-0.08881941197136739,-0.1355533091714026,0.7931663723245836,0.11865753882551404,-0.0028255960187555463,0.39604892470598796,-0.15793272345928225,-0.0030132744432354334
2017-10-01,0.34436099123256514,1.0447163513771178,-0.07128320224617322,1.1270554012120455,0.3022308567249011,0.08054094570893093,0.3758795954511621,-0.546494671273829,0.0928111184715393
2017-11-01,0.31373691036064416,0.04848165241236914,0.021994076954907148,0.9981534902641529,0.36575067284884366,0.16060100690903856,1.0889311672969573,0.3305319003325106,-0.011724582890033173
2017-12-01,0.4148552625091552,0.0043692185154300955,-0.06353287543036536,0.8420504595077399,0.0032445094205806393,0.22953271960233665,0.2176640402145993,-0.1000495685343675,-0.151105518038797
2018-01-01,0.3231267680968376,-0.19501835117883734,-0.07886046111650019,0.8298677749528792,-0.620800629801322,0.28325302066760905,1.1159590666360453,0.27594830039654816,-0.2556412194003699
2018-02-01,0.9117419405732775,0.05171502147242428,0.21996449023287612,1.06881635711724,-0.09363105302510227,0.3199205286972603,-0.327491992861338,0.6268823898399585,-0.029147199783628844
2018-03-01,-1.341528138712263,0.3009169507758562,0.023885791745012104,1.1674796365679645,0.0055847716326638975,0.33945518363008764,0.05226744332485315,-1.0052738640029593,-0.14239420959199905
2018-04-01,-0.9730805095191993,0.9148583140623496,-0.07387833126891741,1.015899587414338,-0.17596323100741523,0.3442587873020945,0.6166748510708503,-0.4230368273786357,-0.23821860250677437
2018-05-01,0.5014092440444264,-1.107700185710976,0.12970770403115192,0.9684562059048575,0.0895558862234671,0.33721350191648974,0.6188354157684591,-0.6973472502626982,-0.18595075182598755
2018-06-01,0.5420480512934419,0.5893704824381302,0.014589580519491278,0.9803532615696015,0.32513862757281947,0.31928004820766087,-0.41553343096864903,-0.5474961191752474,-0.27306383629396497
2018-07-01,-0.20390292861034218,-0.030033181452637246,-0.16814016375711283,0.9624985700812981,0.437562304242287,0.28981794568602,0.4980634852684657,0.7814246477062846,-0.3427543038683469
2018-08-01,0.5801389266834142,0.45827645411865087,0.060231243459913326,0.860276930698747,0.27052980466533316,0.24786647361715658,-0.5535443542277878,0.47763599521458755,-0.3253316869747518
2018-09-01,0.5323313798936729,-0.12735071076115606,-0.1475510047184369,1.0921817688433153,-0.42460623596069763,0.19486671310268636,0.33552221526863835,0.47006504050075304,-0.4472900052299201
2018-10-01,0.0821827939884349,-0.30468489159159007,-0.04514147721936692,1.0040748543260687,-0.2093599423702336,0.13858449007900497,0.044688755382347074,0.5071482387412689,-0.3775995376555382
2018-11-01,-1.629853314960027,-0.11294109491109058,-0.13389880126166706,0.9386070166170082,0.07099809642094987,0.08894725213493733,-2.6709300048062374,-0.433614904662977,-0.3950221545491333
2018-12-01,0.27729634932599967,-0.168353768808347,-0.01790533333964609,0.9862927061355882,1.7282495539106897,0.055562206614485875,-1.7402382275117236,1.3237020827507857,-0.5779596319318859
2019-01-01,-2.5661519909088417,-0.8670220987007135,0.048338062859204396,0.5488100640389071,-0.4039272994603335,0.04355319743446859,0.4019827560281845,1.2816059150381813,-0.7521858008678404
2019-02-01,1.5914636250974605,-0.7470962412870894,-0.2317153175332556,0.7128458357066075,0.001165095558541877,0.05572232673689141,0.7690515313202989,0.5240670927168534,-0.6824953332934585
2019-03-01,0.671554701805652,-0.15518175665649664,0.02495093279256305,0.9922261116109901,-0.12582646497484906,0.09303031525614207,0.6409811198222864,-0.36960876242543406,-0.6215161741658745
2019-04-01,0.37627035785192875,-0.7862131806537438,0.10226995395739485,0.9206239398821373,-0.5546024123322583,0.1529953010950257,1.0899712294085735,0.2594092546412771,-0.7347631839742449
2019-05-01,0.31047628437251795,-0.07653935208174012,-0.20660286950597295,1.0863491808691887,-0.4094820604910958,0.23121398088753792,-0.6335134257799138,-0.03159366133811489,-0.6912066417402564
2019-06-01,-1.588980843359382,-0.1482062750226567,0.010289175601907749,0.9803532615696015,-0.18955536371689138,0.3218419701660585,-1.3402278001754913,0.0937788532723622,-0.8392988853358178
2019-07-01,1.6304055171644407,-0.684563454815765,-0.12796904476660317,0.9922261116109901,-0.48758470074568533,0.415832482014993,0.5372705269172593,0.6023686970787364,-0.7260518755274473
2019-08-01,-0.2209479746450516,0.4969997935481784,0.02912306455339913,0.4585352770255576,0.43789542627022016,0.5039786093963188,-0.5934186078407749,-0.20978144558036793,-0.7870310346550313
2019-09-01,-0.5076981219156793,-0.5358194678830454,-0.017898752922700188,0.6753986241069498,-0.07097465114538362,0.579635367230422,0.41928899327319324,-0.4007537815896956,-1.0222363627185702
2019-10-01,0.12918111672787133,-1.0503422157670852,-0.13062568299834093,0.8176596035916762,-0.051699624413163656,0.6418420347829149,-0.6979642968107852,-0.6031985744017826,-0.8741441191230088
2019-11-01,0.8299870558913066,0.31309114655750303,-0.002434272228707899,0.8965599726585277,0.3653924306637737,0.691319152604577,0.6256237499833089,-0.35437643668963115,-0.6302274826126723
2019-12-01,0.21110858224224516,-0.42836785365933544,-0.09456023710711153,1.0453570138352437,-1.0425078466885047,0.7279866606342282,0.5460462049103464,-0.4654930459291057,-0.604093557272279
2020-01-01,0.8993803229605557,-0.8579139786157517,0.02874113647634171,1.0746664867122744,1.248187237071127,0.7483219161790605,-0.5317565333525909,-0.7547828052405725,-0.5256917812510996
2020-02-01,-0.20041866748773637,0.1462490323580723,0.056577899548150755,1.1444143741981077,0.46621272785588386,0.7464004747102624,-1.6117736868258168,-0.9477860807572062,-0.7347631839742449
2020-03-01,-1.2861403861790899,-4.227821150229405,-1.8244411127659936,0.4128687203549636,-4.085191942077025,-3.5360202048898643,-6.685975219341002,-0.7281356566865221,-0.6215161741658743
2020-04-01,-5.2716198397442176,-14.491850318255732,-25.327414728264824,-0.8468698324761454,-10.769211186383307,-5.412868219604098,-6.92668394638266,-2.0814893886633317,-0.4037334629959312
2020-05-01,2.9846057831404136,1.4653154768459433,3.1788578103940277,-0.8063734605016502,3.5051011498648106,-6.376879422520768,6.564735837616917,-4.508349695084217,-0.3950221545491335
2020-06-01,1.6171152147790886,6.224353475990805,5.649612256318414,-0.3560713976540043,3.3396030631715545,-4.864793052640361,3.5131237670769186,-2.5932554463707604,-0.377599537655538
2020-07-01,0.30953440800467746,3.5262894186779956,1.7300522108054304,-0.7902532740562849,0.9322990947206642,-3.367974136430825,0.6913808297665405,0.11282906334540854,-0.34275430386834715
2020-08-01,1.1421009548504502,0.7908389673922944,1.683346565615331,-0.6628702344814398,1.4555363820459462,-1.8894969802422321,0.4308873836717409,0.6137155240934451,-0.4211560798895266
2020-09-01,1.4237375667426906,-0.18048158001760037,0.9196448060454211,-0.18670103947135303,1.5621927248027212,-1.7740743900100282,-0.8459337466217481,0.6284387714199042,-0.3166203785279538
2020-10-01,-1.1062796634746845,0.6174883542885147,0.5981226289509448,-0.08596234422556838,2.0284879317666897,-1.6574909288904298,-0.11518052986355518,0.9996535642283336,-0.3166203785279538
2020-11-01,-0.6212638581272015,0.16389163681083646,0.0872396886329037,-0.4464293905593091,-0.6037225070831033,-1.5308439180779685,0.4197824156932757,0.046161231820322994,-0.15981682648559473
2020-12-01,2.181871520865247,1.132669237729706,-0.45937256207534055,-0.1649672944890843,-0.594237075435034,-1.3081328398315029,1.6326359675259223,0.09137313643883536,-0.1075489758048083
2021-01-01,0.10055453348276697,0.3391524725053957,0.20147055556854887,-0.2892093879684738,-0.42636363779044867,-1.0670719955579608,1.1748068758019983,0.10586301435900476,-0.08141505046441508
2021-02-01,0.3119013981713235,-3.590360208336827,0.3732129257321832,-0.4540227602479373,-0.26380610469826904,-0.8356423766468003,1.4934027960827239,-0.4139299239694058,0.07538850157794402
2021-03-01,0.6274151260836215,2.695060297796711,0.747249396106678,0.1311000129390661,1.1382154229553332,-0.6747296596406913,0.612217158368331,-2.0565051022974514,0.3889956056626622
2021-04-01,0.5462523790805606,-0.015394260753016167,0.19629682900483839,0.36023698785993336,1.064446726795493,-0.5382032372761405,-0.16380713983168652,-2.2756399240377445,0.6154896252794032
2021-05-01,0.8279199773663215,0.7001259970816994,0.26165894841030235,-0.008012743655447022,0.44847844808618137,-0.4171844487660473,0.6141982366417332,-1.306449486302768,0.5632217745986168
2021-06-01,-0.0861956049757847,0.1777424899171831,0.7032981992073131,0.1721952798357755,0.15124286639832443,-0.2762226990110132,1.0578844843096717,-1.489558907002459,0.5719330830454147
2021-07-01,0.4972777146774547,0.26497429520127647,0.8565400653025368,-0.128923302302799,0.25345955079754884,-0.1252694536182079,0.14225053222331283,-0.45078938758333514,0.4064182225562577
2021-08-01,0.2167237418605592,-0.403318082718892,0.33149824310559417,-0.9700729403506573,-0.3969957461806878,0.027140884888446862,-0.8674177302536096,-0.5872482393626489,0.1799242029395167
2021-09-01,0.5675369649964147,-1.3986804754344337,0.30515255630048255,-0.7661561835903236,0.00799040728647683,0.16780641241704894,0.6368836255200861,0.044051625222599845,0.2757485958542918
2021-10-01,-1.000476325120806,1.1562407786415076,0.7569244776569497,-0.8550029401094842,0.18879089472934596,0.27308539289519856,1.5126993848041355,0.9566058329491174,0.4064182225562577
2021-11-01,1.1753180333389328,0.4901016507962788,0.49765152878163,-1.215903929619663,-0.46172905011385507,0.31815920735085623,-0.3961206028068113,0.8233168566874566,0.4412634563434488
2021-12-01,-0.6433070568214764,-0.4870516082279899,0.42329743370320005,-0.9452233480135871,-0.8792567066710593,0.28885722495162086,-1.2404566024286234,2.8476543551985127,0.22348074517350539
2022-01-01,1.2601278421193463,-0.5829297458905147,0.01971443410921267,-1.2332457069657545,-1.5947170142418188,0.19814917561188616,1.7585203885179541,1.2267430741124803,0.26703728740749405
2022-02-01,-1.3654008790717476,0.4314479403469709,0.7554310132781927,-1.628415367794697,-0.5311068330364206,0.07117391854851403,1.1228334247498846,1.2795629701229418,0.0928111184715395
2022-03-01,-1.38293114851526,0.39122226796681403,0.297779139791028,-1.9532244516058541,-1.0606761011033226,-0.06477607137539508,2.0010920673023667,2.354907441352873,-0.09883766735801065
2022-04-01,1.1045864853603407,-0.14397519604549594,0.10784855631851167,-1.4095583262435527,-0.42672701688785886,-0.1876602593114513,-0.8191711970200645,0.18563228841669505,-0.2207959856131787
2022-05-01,-2.197615025925696,-0.29933061319813015,0.03465958318980028,-2.05230159866982,-0.563666429016915,-0.28172282521546604,0.8464905048473638,1.0163588042553569,-0.02914719978362865
2022-06-01,-0.4383373306833009,-0.5084092016226842,0.2828986190780707,-2.9585138129874093,-1.0237236315687759,-0.3390218110163816,0.5265879027281101,0.8900563276136731,-0.12497159269840397
2022-07-01,-1.734929939988228,0.01184655743488461,0.545754356081549,-2.786023310706258,1.44640348427557,-0.36327200355389055,-1.5261536247857102,0.11408563840601885,-0.7260518755274473
2022-08-01,1.5571291119217412,-0.3197584253680533,0.027675050479818098,-2.0723204992024864,0.3371256916333558,-0.3632079555049329,-1.0314714431866296,0.7822870020789808,-1.1354833725269406
2022-09-01,-0.9987497754685905,0.0022057937864449384,0.016054272914546308,-2.0323511389562854,0.1572152214837902,-0.34842886820739993,-1.3271427765597859,-0.2110546196216038,-1.0222363627185702
2022-10-01,-1.8689838017264835,-0.23196131375482165,0.20921183236346957,-1.9043096322394708,-0.6419056973946646,-0.327076849885322,0.4193104505614922,0.46573350842682354,-1.1006381387397497
2022-11-01,0.9445489521404121,-0.49083232811803706,0.09314913164234648,-2.2246921787964924,-0.3498567035535106,-0.30482815887781406,-0.492851736779603,0.32649408784524186,-1.3968226259308723
2022-12-01,1.1379040807054948,-1.390771499826843,-0.09804854132732804,-1.9140598496829146,0.0673133288186465,-0.28442885528402406,-1.2403498865601608,0.7104599435942216,-1.7888315060367708
2023-01-01,-1.6037263912319153,0.5526386128595865,0.2557531753138941,-1.4364707664832561,0.6408466511992293,-0.26526247663272035,0.2186759367315042,-0.17174081329689425,-1.6146053371008156
2023-02-01,1.5674959890209477,-0.055800879120737466,0.1012793981457091,-1.2593553871334395,0.0672596992434348,-0.2441106084636494,-0.24637424098247454,-0.7198347044844444,-1.9107898242919388
2023-03-01,-1.091551848681937,0.1868103136634206,-0.1443050710040775,-1.7032305436143282,0.39272519484774066,-0.2158173828355257,-0.6177339452684701,-0.5184777601593038,-1.7191410384623884
2023-04-01,0.8461328810887275,0.0393054181704048,0.0007814657619977745,-1.5453791303081408,0.04835640417874297,-0.17406606091966922,0.9345890645164421,-0.31152037390830856,-1.823676739823961
2023-05-01,0.10242931633483492,-0.5175755463546222,0.012613640169505136,-1.9926536812242486,0.11679615631538853,-0.11350062462178756,-1.3082635281230235,-0.9068888484341334,-1.9107898242919392
2023-06-01,0.15321015878865646,-1.0068161040282193,0.045371219041755236,-1.4997533796441624,-0.07575720211303728,-0.03272002287087774,-0.2718669671160986,-0.481847811836134,-2.111149918568287
2023-07-01,1.1031076981777201,0.5986250594175524,-0.07527855231866419,-0.8713032406028168,0.2679594306668797,0.0612464709597005,0.9194893797668371,-0.6710028383587388,-2.1721290776958706
2023-08-01,0.47786939598282446,-0.26068102461910936,-0.06551634904696806,-1.0452630057091672,-0.03093974694567411,0.15819920507303512,0.7741847353894011,-0.0005989527155692971,-1.963057674972725
2023-09-01,-0.44503767268591854,-0.01100751154721045,-0.06458950140880818,-1.1813742206916427,-0.19595867271930034,0.249067374535164,1.09646981888398,0.03968609207674825,-1.8323880482707597
2023-10-01,-1.3225487868511376,-0.747307609485022,-0.03397816150777255,-1.5362253970079385,0.21555816037958705,0.3299280363472766,-0.5692344857994313,-0.7727038981019219,-1.5013583272924451
2023-11-01,-0.4093432063704588,0.2036021768494769,-0.08364440796157883,-1.7694900170023757,0.5471691075405269,0.400300830142179,-1.2248463090637027,-0.5139118484199889,-1.3271321583564912
2023-12-01,1.7166410903665796,-0.4548907623947845,0.05663428921367528,-1.020091850438772,0.08065016834208476,,-0.9828704863053945,0.6919011095456078,-1.5274922526328387
2024-01-01,0.5907370927368029,-1.5904450258213925,-0.10815360524197344,-0.2892093879684738,-0.4098724566658904,,0.3285920860554895,-1.0035883178636167,-1.5449148695264336
2024-02-01,0.6393180047699262,0.8839968957125732,0.004486218764159602,-0.4464293905593091,-0.30270559716924084,,0.4514603606669017,0.10190198421354064,-1.5100696357392427
2024-03-01,0.9174100170494728,-0.019361458548418885,0.030364908684594964,-0.2597370839962422,-0.25072882455982376,,0.5713387385510958,-0.6259693608022959,-1.4578017850584568
2024-04-01,0.3340600249141947,-0.40883806876585244,-0.10973118667944522,-0.42370838671317707,-0.22486911154076486,,0.547201244459848,0.17483195759572157,-1.4403791681648608
2024-05-01,-1.1451714551035734,0.4298860338212385,-0.028033448394428527,-1.0705432060358802,0.43052653444353944,,-0.8258008707985125,0.5392013152865596,-1.3097095414628954
2024-06-01,1.0429630787162365,-0.16205498587857473,-0.1437633043683378,-1.1470476288733356,-0.320281760567202,,-0.0825771322592018,-0.05942665998216574,-1.4403791681648608
2024-07-01,0.6800384063192073,-1.1175721078797904,-0.14272641045646936,-1.303132815116554,-0.22298871838068665,,0.2597380049261289,0.2783640566926114,-1.3445547752500855
2024-08-01,-0.25679250937880754,0.2661785667790611,-0.16128555485734156,-1.172773624024526,-0.18647480268386418,,-0.8276479404784692,0.007287086846556338,-1.353266083696884
2024-09-01,0.20634366737191545,-0.8217625713711578,0.022477904922456007,-0.9866983184972683,-0.3313873813724432,,-1.1073091771766568,-0.3849496615725171,-1.248730382335311
2024-10-01,0.5967011654555856,-0.537016758195694,-0.1907752673401593,-0.9534947934555855,-0.0898312780833385,,0.2534331615975383,-0.2114318653329985,-0.9961024373781767
2024-11-01,-0.05703518478774708,-0.3731981587036431,0.04479429876266991,-0.8468698324761454,0.1848901199091253,,-0.3928949378125987,-0.21670408876357897,-0.7260518755274473
2024-12-01,1.1030691468104554,0.8551266416507282,0.11146811493028944,-0.6707507269448503,-0.23125892691541602,,-0.01526856732386363,-1.4483278880177972,-0.9002780444634014
2025-01-01,-0.8251354903456805,-0.45811136164729716,-0.118459457418715,-0.8550029401094842,-0.1104455415293899,,0.8892624551881724,0.35374344814976105,-0.45600131367671726
2025-02-01,0.3499010794568653,0.8468787316914866,-0.12827414309090637,-1.4544815949237804,-0.7363464932681164,,-0.7374402014771984,0.09002831651975847,-0.5082691643575041
2025-03-01,-0.6985335474237154,-0.25204636913029355,-0.10889608975157818,-2.193897892125042,0.5374994853781327,,-0.6150516467565292,1.3915770037479422,-0.7173405670806491
2025-04-01,-1.0031299649668521,-0.10560572466357646,-0.06797345024066677,-2.7072399993765375,-0.3487872180640539,,-0.9091109533108577,-0.907719501222886,-0.665072716399863
2025-05-01,-0.2555655653371691,-0.3556211055629235,-0.2180893620684113,-2.7072399993765375,-1.0208612205011047,,-0.3087123128300397,-1.0271965333384308,-0.5169804728043016
2025-06-01,1.181949027933791,0.3192904623838725,-0.25262635102942577,-1.8268888776338066,-0.9117901769867426,,1.0713734005315132,-0.8289240971067998,-0.5082691643575041
2025-07-01,0.8535434570431863,0.19996057293720212,-0.16090287219056848,-1.7315353870577552,0.16047320257615594,,-0.005642281990107293,-0.713353200045064,-0.5605370150382905
2025-08-01,0.010104041176644173,-0.4633377549296027,-0.26664760959923695,-2.0723204992024864,-0.377135730245602,,-0.6866363781932385,-1.4826549601895915,-0.4908465474639082
2025-09-01,0.5062364803535803,-0.12249593240666784,-0.12210312829923485,-2.391730525154733,-0.2680928842498017,,-0.21393773391552673,-0.9114247464656587,-0.4037334629959308
2025-10-01,0.8960188833605116,-0.24972387023401477,-0.3518516095482138,-2.5527942114321682,,,-0.6405251294639895,,-0.36888822920874026
2025-11-01,0.3387061532512393,-0.016669167397960694,-0.16955490788664176,-2.8429555065008336,,,-0.21092972295273868,,-0.4298673883363246
2025-12-01,-0.2695346085977416,,,,,,-0.4737154348442722,,-0.3950221545491337
2026-01-01,0.016370644403989592,,,,,,,,-0.17723944337919
